s,kW,kW,kW,kW,kW,kW,kW,kW,kW,kW,kg/s
Time,HRR,HRR_OX,Q_RADI,Q_CONV,Q_COND,Q_DIFF,Q_PRES,Q_PART,Q_ENTH,Q_TOTAL,MLR_AIR
 0.0000000E+000, 0.0000000E+000, 0.0000000E+000,-4.8965704E+000, 8.9999263E-006, 0.0000000E+000, 0.0000000E+000, 0.0000000E+000, 0.0000000E+000, 0.0000000E+000,-4.8965614E+000, 0.0000000E+000
 3.0003847E+001, 0.0000000E+000, 0.0000000E+000,-1.8806005E-002, 1.3960886E-003,-1.0494773E-002, 0.0000000E+000, 0.0000000E+000, 0.0000000E+000,-2.7374657E-002,-2.7904689E-002, 3.9982673E-002
 6.0003021E+001, 0.0000000E+000, 0.0000000E+000, 7.0648483E-003,-6.7710854E-001,-4.0533052E-002, 0.0000000E+000, 0.0000000E+000, 0.0000000E+000,-7.0755619E-001,-7.1057675E-001, 5.0861819E-007
 9.0002190E+001, 0.0000000E+000, 0.0000000E+000, 4.5334997E-002,-1.2975670E+000,-2.4668430E-002, 0.0000000E+000, 0.0000000E+000, 0.0000000E+000,-1.3071274E+000,-1.2769005E+000, 2.3289825E-007
 1.2000137E+002, 0.0000000E+000, 0.0000000E+000, 9.1348379E-002,-1.6607548E+000, 2.0922799E-001, 0.0000000E+000, 0.0000000E+000, 0.0000000E+000,-1.3624043E+000,-1.3601784E+000, 4.1964240E-007
 1.5000116E+002, 0.0000000E+000, 0.0000000E+000, 1.3977995E-001,-1.9960797E+000, 3.6696876E-001, 0.0000000E+000, 0.0000000E+000, 0.0000000E+000,-1.4921714E+000,-1.4893310E+000,-5.4162754E-007
 1.8000575E+002, 0.0000000E+000, 0.0000000E+000, 1.8414846E-001,-1.9419018E+000, 4.9450538E-001, 0.0000000E+000, 0.0000000E+000, 0.0000000E+000,-1.2464450E+000,-1.2632480E+000,-2.3978809E-007
 2.1000453E+002, 0.0000000E+000, 0.0000000E+000, 2.2111780E-001,-1.8604099E+000, 5.8461617E-001, 0.0000000E+000, 0.0000000E+000, 0.0000000E+000,-1.0096108E+000,-1.0546760E+000,-3.7648638E-007
 2.4000333E+002, 0.0000000E+000, 0.0000000E+000, 2.4879725E-001,-1.7924827E+000, 7.1189871E-001, 0.0000000E+000, 0.0000000E+000, 0.0000000E+000,-8.1178808E-001,-8.3178674E-001, 6.3674677E-008
 2.7000211E+002, 0.0000000E+000, 0.0000000E+000, 2.7408076E-001,-1.7829825E+000, 7.0482278E-001, 0.0000000E+000, 0.0000000E+000, 0.0000000E+000,-8.0279716E-001,-8.0407896E-001,-2.4282448E-007
 3.0000089E+002, 0.0000000E+000, 0.0000000E+000, 2.9915984E-001,-1.7763359E+000, 7.5375245E-001, 0.0000000E+000, 0.0000000E+000, 0.0000000E+000,-7.4298577E-001,-7.2342358E-001, 4.7607551E-007
 3.3000552E+002, 0.0000000E+000, 0.0000000E+000, 3.2158907E-001,-2.0183712E+000, 8.7801611E-001, 0.0000000E+000, 0.0000000E+000, 0.0000000E+000,-8.1753120E-001,-8.1876599E-001, 9.7079787E-003
 3.6000015E+002, 0.0000000E+000, 0.0000000E+000, 3.5012019E-001,-2.3408779E+000, 1.0120192E+000, 0.0000000E+000, 0.0000000E+000, 0.0000000E+000,-9.5217597E-001,-9.7873846E-001, 3.1139272E-007
 3.9000040E+002, 0.0000000E+000, 0.0000000E+000, 3.8023040E-001,-2.4892195E+000, 1.1267349E+000, 0.0000000E+000, 0.0000000E+000, 0.0000000E+000,-9.4096546E-001,-9.8225421E-001, 5.5469811E-007
 4.2000064E+002, 0.0000000E+000, 0.0000000E+000, 4.0688938E-001,-2.4864381E+000, 1.2557276E+000, 0.0000000E+000, 0.0000000E+000, 0.0000000E+000,-8.1862245E-001,-8.2382105E-001, 9.1266384E-007
 4.5000089E+002, 0.0000000E+000, 0.0000000E+000, 4.2840993E-001,-2.4454163E+000, 1.3174162E+000, 0.0000000E+000, 0.0000000E+000, 0.0000000E+000,-6.7384708E-001,-6.9959015E-001, 9.3310916E-007
 4.8000235E+002, 0.0000000E+000, 0.0000000E+000, 4.4512667E-001,-2.2969622E+000, 1.3729960E+000, 0.0000000E+000, 0.0000000E+000, 0.0000000E+000,-4.5642773E-001,-4.7883951E-001,-1.0450067E-006
 5.1000000E+002, 0.0000000E+000, 0.0000000E+000, 4.5385396E-001,-2.1365686E+000, 1.4188542E+000, 0.0000000E+000, 0.0000000E+000, 0.0000000E+000,-2.3894693E-001,-2.6386051E-001, 1.0992653E-006
 5.4000305E+002, 0.0000000E+000, 0.0000000E+000, 4.5807713E-001,-2.0866803E+000, 1.3910493E+000, 0.0000000E+000, 0.0000000E+000, 0.0000000E+000,-2.2550145E-001,-2.3755396E-001, 1.5364714E-006
 5.7000073E+002, 0.0000000E+000, 0.0000000E+000, 4.6117594E-001,-2.0447767E+000, 1.4612701E+000, 0.0000000E+000, 0.0000000E+000, 0.0000000E+000,-9.7703163E-002,-1.2233068E-001,-3.3670652E-008
 6.0000378E+002, 0.0000000E+000, 0.0000000E+000, 4.6155606E-001,-2.0501948E+000, 1.4545683E+000, 0.0000000E+000, 0.0000000E+000, 0.0000000E+000,-9.2167975E-002,-1.3407037E-001, 7.2785013E-005
 6.3000146E+002, 0.0000000E+000, 0.0000000E+000, 4.6158739E-001,-2.1694931E+000, 1.5733583E+000, 0.0000000E+000, 0.0000000E+000, 0.0000000E+000,-1.1614762E-001,-1.3454742E-001, 9.1023953E-003
 6.6000494E+002, 0.0000000E+000, 0.0000000E+000, 4.6183651E-001,-2.3229454E+000, 1.6793599E+000, 0.0000000E+000, 0.0000000E+000, 0.0000000E+000,-1.5116083E-001,-1.8174902E-001, 2.2770278E-006
 6.9000061E+002, 0.0000000E+000, 0.0000000E+000, 4.6284868E-001,-2.3494977E+000, 1.7588409E+000, 0.0000000E+000, 0.0000000E+000, 0.0000000E+000,-8.4683879E-002,-1.2780812E-001,-3.4975659E-006
 7.2000354E+002, 0.0000000E+000, 0.0000000E+000, 4.6457263E-001,-2.3743658E+000, 1.7609676E+000, 0.0000000E+000, 0.0000000E+000, 0.0000000E+000,-1.5626074E-001,-1.4882555E-001,-9.0012181E-007
 7.5000275E+002, 0.0000000E+000, 0.0000000E+000, 4.6630941E-001,-2.3906064E+000, 1.7528127E+000, 0.0000000E+000, 0.0000000E+000, 0.0000000E+000,-1.5566846E-001,-1.7148424E-001,-1.6718673E-007
 7.8000110E+002, 0.0000000E+000, 0.0000000E+000, 4.6667736E-001,-2.2978277E+000, 1.7552700E+000, 0.0000000E+000, 0.0000000E+000, 0.0000000E+000,-2.9388165E-002,-7.5880339E-002, 2.1127325E-006
 8.1000018E+002, 0.0000000E+000, 0.0000000E+000, 4.6550242E-001,-2.3188029E+000, 1.7420457E+000, 0.0000000E+000, 0.0000000E+000, 0.0000000E+000,-6.5770452E-002,-1.1125478E-001, 2.5306253E-006
 8.4000049E+002, 0.0000000E+000, 0.0000000E+000, 4.6604905E-001,-2.3389090E+000, 1.7323842E+000, 0.0000000E+000, 0.0000000E+000, 0.0000000E+000,-1.0267675E-001,-1.4047580E-001,-1.2436894E-006
 8.7000507E+002, 0.0000000E+000, 0.0000000E+000, 4.6712810E-001,-2.3557159E+000, 1.7239142E+000, 0.0000000E+000, 0.0000000E+000, 0.0000000E+000,-1.0435856E-001,-1.6467365E-001, 1.3372319E-007
 9.0000018E+002, 0.0000000E+000, 0.0000000E+000, 4.6762132E-001,-2.2887026E+000, 1.7163680E+000, 0.0000000E+000, 0.0000000E+000, 0.0000000E+000,-5.5525468E-002,-1.0471326E-001,-6.4612046E-007
 9.3000366E+002, 0.0000000E+000, 0.0000000E+000, 4.6833211E-001,-2.4058563E+000, 1.8615892E+000, 0.0000000E+000, 0.0000000E+000, 0.0000000E+000,-7.6389678E-002,-7.5935018E-002, 8.8964893E-003
 9.6000372E+002, 0.0000000E+000, 0.0000000E+000, 4.6531476E-001,-2.5304591E+000, 2.0631883E+000, 0.0000000E+000, 0.0000000E+000, 0.0000000E+000, 9.9774133E-003,-1.9559961E-003,-1.0281545E-006
 9.9000348E+002, 0.0000000E+000, 0.0000000E+000, 4.6233931E-001,-2.5893134E+000, 2.0667191E+000, 0.0000000E+000, 0.0000000E+000, 0.0000000E+000,-4.7140839E-002,-6.0254999E-002,-1.6043898E-006
 1.0200038E+003, 0.0000000E+000, 0.0000000E+000, 4.6153423E-001,-2.5851645E+000, 2.0315543E+000, 0.0000000E+000, 0.0000000E+000, 0.0000000E+000,-7.0774241E-002,-9.2076043E-002, 2.0565792E-007
 1.0500029E+003, 0.0000000E+000, 0.0000000E+000, 4.6141355E-001,-2.5412914E+000, 2.0102615E+000, 0.0000000E+000, 0.0000000E+000, 0.0000000E+000,-3.4114029E-002,-6.9616342E-002,-2.3887140E-006
 1.0800044E+003, 0.0000000E+000, 0.0000000E+000, 4.5936830E-001,-2.5327523E+000, 2.0479637E+000, 0.0000000E+000, 0.0000000E+000, 0.0000000E+000,-3.7898039E-002,-2.5420295E-002,-1.1745264E-006
 1.1100042E+003, 0.0000000E+000, 0.0000000E+000, 4.5849358E-001,-2.5830822E+000, 2.0482117E+000, 0.0000000E+000, 0.0000000E+000, 0.0000000E+000,-5.1087303E-002,-7.6376905E-002,-1.7084754E-006
 1.1400022E+003, 0.0000000E+000, 0.0000000E+000, 4.5853434E-001,-2.5869954E+000, 2.0426913E+000, 0.0000000E+000, 0.0000000E+000, 0.0000000E+000,-8.1264032E-002,-8.5769791E-002, 2.6857965E-006
 1.1700038E+003, 0.0000000E+000, 0.0000000E+000, 4.5936456E-001,-2.5651039E+000, 1.9929186E+000, 0.0000000E+000, 0.0000000E+000, 0.0000000E+000,-8.4400243E-002,-1.1282083E-001, 1.0014759E-006
 1.2000034E+003, 0.0000000E+000, 0.0000000E+000, 4.5855341E-001,-2.5155930E+000, 2.0189279E+000, 0.0000000E+000, 0.0000000E+000, 0.0000000E+000,-2.4995310E-002,-3.8111700E-002, 9.8540054E-007
 1.2300000E+003, 0.0000000E+000, 0.0000000E+000, 4.5819594E-001,-2.6506166E+000, 2.1104872E+000, 0.0000000E+000, 0.0000000E+000, 0.0000000E+000,-6.2198858E-002,-8.1933407E-002, 9.2579412E-003
 1.2600021E+003, 0.0000000E+000, 0.0000000E+000, 4.5864760E-001,-2.8061887E+000, 2.1790150E+000, 0.0000000E+000, 0.0000000E+000, 0.0000000E+000,-1.6319100E-001,-1.6852617E-001, 8.8987632E-007
 1.2900026E+003, 0.0000000E+000, 0.0000000E+000, 4.6009654E-001,-2.7846666E+000, 2.2053412E+000, 0.0000000E+000, 0.0000000E+000, 0.0000000E+000,-7.4540806E-002,-1.1922882E-001, 2.3862862E-006
 1.3200012E+003, 0.0000000E+000, 0.0000000E+000, 4.5956548E-001,-2.8064261E+000, 2.2256894E+000, 0.0000000E+000, 0.0000000E+000, 0.0000000E+000,-6.0562401E-002,-1.2117120E-001, 9.7101994E-008
 1.3500035E+003, 0.0000000E+000, 0.0000000E+000, 4.6109534E-001,-2.7524571E+000, 2.2034520E+000, 0.0000000E+000, 0.0000000E+000, 0.0000000E+000,-1.2464877E-001,-8.7909725E-002,-8.4164924E-008
 1.3800017E+003, 0.0000000E+000, 0.0000000E+000, 4.6017882E-001,-2.7465024E+000, 2.2537000E+000, 0.0000000E+000, 0.0000000E+000, 0.0000000E+000,-2.5245374E-002,-3.2623533E-002,-4.7263751E-007
 1.4100020E+003, 0.0000000E+000, 0.0000000E+000, 4.6032350E-001,-2.7773690E+000, 2.1658722E+000, 0.0000000E+000, 0.0000000E+000, 0.0000000E+000,-1.1756715E-001,-1.5117329E-001, 8.8567427E-007
 1.4400039E+003, 0.0000000E+000, 0.0000000E+000, 4.6241621E-001,-2.7459556E+000, 2.2341246E+000, 0.0000000E+000, 0.0000000E+000, 0.0000000E+000,-6.5167339E-002,-4.9414824E-002,-4.6499599E-008
 1.4700017E+003, 0.0000000E+000, 0.0000000E+000, 4.6120743E-001,-2.7298542E+000, 2.2405143E+000, 0.0000000E+000, 0.0000000E+000, 0.0000000E+000,-3.4927813E-002,-2.8132490E-002,-2.6072172E-006
 1.5000002E+003, 0.0000000E+000, 0.0000000E+000, 4.6014746E-001,-2.7000453E+000, 2.2153703E+000, 0.0000000E+000, 0.0000000E+000, 0.0000000E+000,-2.6355003E-002,-2.4527569E-002, 1.4736994E-006
 1.5300026E+003, 0.0000000E+000, 0.0000000E+000, 4.6095078E-001,-2.8772642E+000, 2.1886237E+000, 0.0000000E+000, 0.0000000E+000, 0.0000000E+000,-1.9342905E-001,-2.2768970E-001, 9.1760249E-003
 1.5600040E+003, 0.0000000E+000, 0.0000000E+000, 4.6919855E-001,-2.9089620E+000, 2.1535423E+000, 0.0000000E+000, 0.0000000E+000, 0.0000000E+000,-2.7554549E-001,-2.8622113E-001, 4.8754270E-007
 1.5900004E+003, 0.0000000E+000, 0.0000000E+000, 4.7621099E-001,-2.9431862E+000, 2.1993283E+000, 0.0000000E+000, 0.0000000E+000, 0.0000000E+000,-2.3965131E-001,-2.6764691E-001,-1.3010493E-006
 1.6200027E+003, 0.0000000E+000, 0.0000000E+000, 4.8223566E-001,-2.9464171E+000, 2.2743427E+000, 0.0000000E+000, 0.0000000E+000, 0.0000000E+000,-2.1193082E-001,-1.8983866E-001,-7.7751009E-007
 1.6500029E+003, 0.0000000E+000, 0.0000000E+000, 4.8515761E-001,-2.9306181E+000, 2.2461979E+000, 0.0000000E+000, 0.0000000E+000, 0.0000000E+000,-1.5637683E-001,-1.9926251E-001, 1.9944142E-006
 1.6800032E+003, 0.0000000E+000, 0.0000000E+000, 4.8562580E-001,-2.8058065E+000, 2.3134162E+000, 0.0000000E+000, 0.0000000E+000, 0.0000000E+000,-2.0135612E-002,-6.7644726E-003,-1.4480027E-006
 1.7100005E+003, 0.0000000E+000, 0.0000000E+000, 4.8363770E-001,-2.7696145E+000, 2.2753510E+000, 0.0000000E+000, 0.0000000E+000, 0.0000000E+000, 1.8272894E-002,-1.0625738E-002, 6.6063880E-007
 1.7400043E+003, 0.0000000E+000, 0.0000000E+000, 4.8104724E-001,-2.7868585E+000, 2.2438055E+000, 0.0000000E+000, 0.0000000E+000, 0.0000000E+000, 3.8261993E-003,-6.2005756E-002, 2.7724653E-006
 1.7700038E+003, 0.0000000E+000, 0.0000000E+000, 4.8054334E-001,-2.7823740E+000, 2.1917635E+000, 0.0000000E+000, 0.0000000E+000, 0.0000000E+000,-5.8790851E-002,-1.1006719E-001,-9.9913488E-008
 1.8000009E+003, 0.0000000E+000, 0.0000000E+000, 4.8193906E-001,-2.7654486E+000, 2.2110250E+000, 0.0000000E+000, 0.0000000E+000, 0.0000000E+000,-3.2801297E-002,-7.2484567E-002,-1.4079291E-006
 1.8300021E+003, 0.0000000E+000, 0.0000000E+000, 4.7855339E-001,-2.8466675E+000, 2.3076487E+000, 0.0000000E+000, 0.0000000E+000, 0.0000000E+000, 3.1917198E-003,-6.0465482E-002, 9.5844407E-003
 1.8600034E+003, 0.0000000E+000, 0.0000000E+000, 4.7726735E-001,-2.9367178E+000, 2.3804937E+000, 0.0000000E+000, 0.0000000E+000, 0.0000000E+000,-7.1672759E-003,-7.8956822E-002, 1.9820707E-006
 1.8900046E+003, 0.0000000E+000, 0.0000000E+000, 4.7187318E-001,-2.9393802E+000, 2.5535738E+000, 0.0000000E+000, 0.0000000E+000, 0.0000000E+000, 1.3443700E-001, 8.6066779E-002,-2.0205094E-008
 1.9200012E+003, 0.0000000E+000, 0.0000000E+000, 4.6660646E-001,-2.8902652E+000, 2.4802396E+000, 0.0000000E+000, 0.0000000E+000, 0.0000000E+000, 2.8170495E-002, 5.6580869E-002,-2.2083605E-006
 1.9500000E+003, 0.0000000E+000, 0.0000000E+000, 4.6262080E-001,-2.9148143E+000, 2.4318529E+000, 0.0000000E+000, 0.0000000E+000, 0.0000000E+000, 4.5746163E-002,-2.0340636E-002, 9.8120923E-007
 1.9800009E+003, 0.0000000E+000, 0.0000000E+000, 4.6187954E-001,-2.9972184E+000, 2.3795631E+000, 0.0000000E+000, 0.0000000E+000, 0.0000000E+000,-1.0076501E-001,-1.5577581E-001,-2.5417207E-007
 2.0100044E+003, 0.0000000E+000, 0.0000000E+000, 4.6457131E-001,-2.9678760E+000, 2.3581047E+000, 0.0000000E+000, 0.0000000E+000, 0.0000000E+000,-1.1088816E-001,-1.4519996E-001, 3.9985669E-007
 2.0400039E+003, 0.0000000E+000, 0.0000000E+000, 4.6710057E-001,-2.9722724E+000, 2.3394012E+000, 0.0000000E+000, 0.0000000E+000, 0.0000000E+000,-1.1803042E-001,-1.6577068E-001, 2.2013767E-007
 2.0700051E+003, 0.0000000E+000, 0.0000000E+000, 4.6819843E-001,-2.9629685E+000, 2.4332718E+000, 0.0000000E+000, 0.0000000E+000, 0.0000000E+000,-4.6990404E-002,-6.1498242E-002, 1.0853167E-006
 2.1000042E+003, 0.0000000E+000, 0.0000000E+000, 4.6387743E-001,-2.8968005E+000, 2.4460010E+000, 0.0000000E+000, 0.0000000E+000, 0.0000000E+000, 8.3918924E-002, 1.3077950E-002,-1.2922455E-006
 2.1300020E+003, 0.0000000E+000, 0.0000000E+000, 4.6019285E-001,-2.9900845E+000, 2.5943080E+000, 0.0000000E+000, 0.0000000E+000, 0.0000000E+000, 1.0052668E-001, 6.4416325E-002, 9.6412451E-003
 2.1600029E+003, 0.0000000E+000, 0.0000000E+000, 4.5218985E-001,-3.1193959E+000, 2.7167420E+000, 0.0000000E+000, 0.0000000E+000, 0.0000000E+000, 7.0873917E-002, 4.9535933E-002,-5.3021647E-006
 2.1900032E+003, 0.0000000E+000, 0.0000000E+000, 4.4568928E-001,-3.0605648E+000, 2.7245896E+000, 0.0000000E+000, 0.0000000E+000, 0.0000000E+000, 1.3271196E-001, 1.0971412E-001,-2.5971503E-006
 2.2200054E+003, 0.0000000E+000, 0.0000000E+000, 4.4007678E-001,-3.1587845E+000, 2.7179317E+000, 0.0000000E+000, 0.0000000E+000, 0.0000000E+000, 2.6790620E-003,-7.7605728E-004, 2.2571228E-007
 2.2500029E+003, 0.0000000E+000, 0.0000000E+000, 4.4223101E-001,-3.1736803E+000, 2.6378141E+000, 0.0000000E+000, 0.0000000E+000, 0.0000000E+000,-1.1000438E-001,-9.3635271E-002, 1.7477835E-007
 2.2800007E+003, 0.0000000E+000, 0.0000000E+000, 4.4090940E-001,-3.2279254E+000, 2.6516624E+000, 0.0000000E+000, 0.0000000E+000, 0.0000000E+000,-4.8494396E-002,-1.3535370E-001, 1.0976996E-006
 2.3100042E+003, 0.0000000E+000, 0.0000000E+000, 4.4226586E-001,-3.1722520E+000, 2.6012196E+000, 0.0000000E+000, 0.0000000E+000, 0.0000000E+000,-1.0298892E-001,-1.2876659E-001, 1.6606259E-006
 2.3400022E+003, 0.0000000E+000, 0.0000000E+000, 4.4334685E-001,-3.1654920E+000, 2.6372839E+000, 0.0000000E+000, 0.0000000E+000, 0.0000000E+000,-8.4605239E-002,-8.4861217E-002, 2.6135164E-007
 2.3700000E+003, 0.0000000E+000, 0.0000000E+000, 4.4230559E-001,-3.1514669E+000, 2.6718728E+000, 0.0000000E+000, 0.0000000E+000, 0.0000000E+000,-2.0303244E-003,-3.7288588E-002, 1.5835332E-006
 2.4000029E+003, 0.0000000E+000, 0.0000000E+000, 4.4283268E-001,-3.1007441E+000, 2.5659635E+000, 0.0000000E+000, 0.0000000E+000, 0.0000000E+000,-6.4612012E-002,-9.1947899E-002, 3.5691621E-004
 2.4300032E+003, 0.0000000E+000, 0.0000000E+000, 4.4475071E-001,-3.2564171E+000, 2.6363909E+000, 0.0000000E+000, 0.0000000E+000, 0.0000000E+000,-1.7385914E-001,-1.7527549E-001, 9.1630481E-003
 2.4600037E+003, 0.0000000E+000, 0.0000000E+000, 4.4443994E-001,-3.2578180E+000, 2.7763594E+000, 0.0000000E+000, 0.0000000E+000, 0.0000000E+000, 1.2153124E-002,-3.7018583E-002,-1.4440481E-006
 2.4900042E+003, 0.0000000E+000, 0.0000000E+000, 4.4213094E-001,-3.2771188E+000, 2.7483185E+000, 0.0000000E+000, 0.0000000E+000, 0.0000000E+000,-6.3841225E-002,-8.6669356E-002, 2.9507887E-006
 2.5200046E+003, 0.0000000E+000, 0.0000000E+000, 4.3937541E-001,-3.1847967E+000, 2.7788100E+000, 0.0000000E+000, 0.0000000E+000, 0.0000000E+000, 1.0160719E-001, 3.3388679E-002,-9.4043821E-007
 2.5500051E+003, 0.0000000E+000, 0.0000000E+000, 4.3635260E-001,-3.1566864E+000, 2.7014536E+000, 0.0000000E+000, 0.0000000E+000, 0.0000000E+000,-4.9375005E-002,-1.8880115E-002,-1.8321372E-006
 2.5800020E+003, 0.0000000E+000, 0.0000000E+000, 4.3830242E-001,-3.2622566E+000, 2.6805805E+000, 0.0000000E+000, 0.0000000E+000, 0.0000000E+000,-8.6927808E-002,-1.4337365E-001,-1.1591188E-006
 2.6100051E+003, 0.0000000E+000, 0.0000000E+000, 4.3912876E-001,-3.2579912E+000, 2.7506879E+000, 0.0000000E+000, 0.0000000E+000, 0.0000000E+000,-7.0827707E-002,-6.8174498E-002,-6.7417064E-008
 2.6400027E+003, 0.0000000E+000, 0.0000000E+000, 4.3715743E-001,-3.1874527E+000, 2.7658563E+000, 0.0000000E+000, 0.0000000E+000, 0.0000000E+000, 2.7591004E-002, 1.5560955E-002, 6.1863353E-007
 2.6700002E+003, 0.0000000E+000, 0.0000000E+000, 4.3637924E-001,-3.2141491E+000, 2.6958628E+000, 0.0000000E+000, 0.0000000E+000, 0.0000000E+000,-3.9716815E-002,-8.1907045E-002,-1.4767899E-006
 2.7000034E+003, 0.0000000E+000, 0.0000000E+000, 4.3372290E-001,-3.1657710E+000, 2.7202380E+000, 0.0000000E+000, 0.0000000E+000, 0.0000000E+000, 4.0438312E-002,-1.1810079E-002, 2.4547181E-004
 2.7300010E+003, 0.0000000E+000, 0.0000000E+000, 4.3207862E-001,-3.3065320E+000, 2.7812627E+000, 0.0000000E+000, 0.0000000E+000, 0.0000000E+000,-1.0813797E-002,-9.3190655E-002, 9.1981922E-003
 2.7600042E+003, 0.0000000E+000, 0.0000000E+000, 4.2641984E-001,-3.3051340E+000, 2.9319763E+000, 0.0000000E+000, 0.0000000E+000, 0.0000000E+000, 7.6546531E-002, 5.3262191E-002,-2.9328916E-006
 2.7900017E+003, 0.0000000E+000, 0.0000000E+000, 4.2206259E-001,-3.3233358E+000, 2.8876608E+000, 0.0000000E+000, 0.0000000E+000, 0.0000000E+000, 8.6492920E-002,-1.3612410E-002,-8.1220170E-007
 2.8200046E+003, 0.0000000E+000, 0.0000000E+000, 4.1838922E-001,-3.3101310E+000, 2.9258650E+000, 0.0000000E+000, 0.0000000E+000, 0.0000000E+000, 2.6092685E-002, 3.4123244E-002,-5.3970274E-007
 2.8500024E+003, 0.0000000E+000, 0.0000000E+000, 4.1753907E-001,-3.4297451E+000, 2.8879042E+000, 0.0000000E+000, 0.0000000E+000, 0.0000000E+000,-1.3191247E-001,-1.2430183E-001, 1.0472129E-006
 2.8800054E+003, 0.0000000E+000, 0.0000000E+000, 4.1853901E-001,-3.3330820E+000, 2.8937137E+000, 0.0000000E+000, 0.0000000E+000, 0.0000000E+000,-1.0253933E-002,-2.0829355E-002,-3.7670160E-009
 2.9100032E+003, 0.0000000E+000, 0.0000000E+000, 4.1703016E-001,-3.4011711E+000, 2.8706822E+000, 0.0000000E+000, 0.0000000E+000, 0.0000000E+000,-9.1228089E-002,-1.1345883E-001, 9.3233323E-007
 2.9400007E+003, 0.0000000E+000, 0.0000000E+000, 4.1912716E-001,-3.3127639E+000, 2.8387250E+000, 0.0000000E+000, 0.0000000E+000, 0.0000000E+000,-5.5882198E-002,-5.4911721E-002, 1.5157169E-007
 2.9700037E+003, 0.0000000E+000, 0.0000000E+000, 4.1955287E-001,-3.3521356E+000, 2.8633364E+000, 0.0000000E+000, 0.0000000E+000, 0.0000000E+000,-5.6375043E-002,-6.9246338E-002,-9.2675240E-007
 3.0000015E+003, 0.0000000E+000, 0.0000000E+000, 4.1690130E-001,-3.2627712E+000, 2.8543451E+000, 0.0000000E+000, 0.0000000E+000, 0.0000000E+000, 5.2904818E-002, 8.4752950E-003, 3.6174917E-004
 3.0300044E+003, 0.0000000E+000, 0.0000000E+000, 4.1228731E-001,-3.3885404E+000, 2.9997682E+000, 0.0000000E+000, 0.0000000E+000, 0.0000000E+000, 8.6915825E-002, 2.3515092E-002, 9.0717957E-003
 3.0600020E+003, 0.0000000E+000, 0.0000000E+000, 4.0766732E-001,-3.4640049E+000, 3.0799874E+000, 0.0000000E+000, 0.0000000E+000, 0.0000000E+000, 4.3160414E-002, 2.3649771E-002, 1.2464445E-006
 3.0900051E+003, 0.0000000E+000, 0.0000000E+000, 4.0277654E-001,-3.4839701E+000, 3.0543116E+000, 0.0000000E+000, 0.0000000E+000, 0.0000000E+000, 2.8505510E-003,-2.6881897E-002, 7.5547723E-007
 3.1200027E+003, 0.0000000E+000, 0.0000000E+000, 4.0143412E-001,-3.5276769E+000, 3.0293152E+000, 0.0000000E+000, 0.0000000E+000, 0.0000000E+000, 2.0731237E-002,-9.6927606E-002,-2.3904698E-006
 3.1500005E+003, 0.0000000E+000, 0.0000000E+000, 3.9900361E-001,-3.5478453E+000, 3.0445848E+000, 0.0000000E+000, 0.0000000E+000, 0.0000000E+000,-6.8463605E-002,-1.0425686E-001,-1.5454587E-006
 3.1800034E+003, 0.0000000E+000, 0.0000000E+000, 3.9976883E-001,-3.5077586E+000, 3.0765095E+000, 0.0000000E+000, 0.0000000E+000, 0.0000000E+000,-5.8134735E-002,-3.1480281E-002, 3.2527030E-006
 3.2100010E+003, 0.0000000E+000, 0.0000000E+000, 3.9808212E-001,-3.5092211E+000, 3.0318011E+000, 0.0000000E+000, 0.0000000E+000, 0.0000000E+000,-2.1944917E-003,-7.9337811E-002,-8.7880903E-007
 3.2400042E+003, 0.0000000E+000, 0.0000000E+000, 3.9844040E-001,-3.4569428E+000, 3.0093746E+000, 0.0000000E+000, 0.0000000E+000, 0.0000000E+000,-1.9525991E-002,-4.9127862E-002, 6.6106158E-007
 3.2700017E+003, 0.0000000E+000, 0.0000000E+000, 3.9789226E-001,-3.5263545E+000, 3.0004668E+000, 0.0000000E+000, 0.0000000E+000, 0.0000000E+000,-8.7047566E-002,-1.2799537E-001, 6.2293788E-007
 3.3000049E+003, 0.0000000E+000, 0.0000000E+000, 3.9772686E-001,-3.4836358E+000, 3.0370257E+000, 0.0000000E+000, 0.0000000E+000, 0.0000000E+000,-3.7740182E-002,-4.8883277E-002,-2.5978727E-008
 3.3300024E+003, 0.0000000E+000, 0.0000000E+000, 3.9680689E-001,-3.5226582E+000, 3.1092332E+000, 0.0000000E+000, 0.0000000E+000, 0.0000000E+000,-1.0013446E-002,-1.6618089E-002, 9.4263034E-003
 3.3600000E+003, 0.0000000E+000, 0.0000000E+000, 3.9596686E-001,-3.5484073E+000, 3.0921703E+000, 0.0000000E+000, 0.0000000E+000, 0.0000000E+000,-7.1518062E-002,-6.0270138E-002,-3.0042871E-006
 3.3900032E+003, 0.0000000E+000, 0.0000000E+000, 3.9540448E-001,-3.5426501E+000, 3.0880484E+000, 0.0000000E+000, 0.0000000E+000, 0.0000000E+000, 2.5892424E-004,-5.9197295E-002, 2.8819156E-006
 3.4200007E+003, 0.0000000E+000, 0.0000000E+000, 3.9472653E-001,-3.5863380E+000, 3.0703943E+000, 0.0000000E+000, 0.0000000E+000, 0.0000000E+000,-5.7986090E-002,-1.2121717E-001,-6.9668625E-007
 3.4500039E+003, 0.0000000E+000, 0.0000000E+000, 3.9325099E-001,-3.5367615E+000, 3.0904392E+000, 0.0000000E+000, 0.0000000E+000, 0.0000000E+000,-7.1625282E-003,-5.3071363E-002, 6.0100171E-007
 3.4800015E+003, 0.0000000E+000, 0.0000000E+000, 3.9180354E-001,-3.5433209E+000, 3.1134138E+000, 0.0000000E+000, 0.0000000E+000, 0.0000000E+000, 1.7507297E-002,-3.8103618E-002, 3.6371606E-008
 3.5100046E+003, 0.0000000E+000, 0.0000000E+000, 3.8921389E-001,-3.5217388E+000, 3.0698816E+000, 0.0000000E+000, 0.0000000E+000, 0.0000000E+000,-3.5931607E-002,-6.2643362E-002,-1.6690305E-006
 3.5400022E+003, 0.0000000E+000, 0.0000000E+000, 3.9092476E-001,-3.5377544E+000, 3.0715286E+000, 0.0000000E+000, 0.0000000E+000, 0.0000000E+000,-6.0675089E-002,-7.5301106E-002,-1.2407823E-006
 3.5700054E+003, 0.0000000E+000, 0.0000000E+000, 3.9064497E-001,-3.5323159E+000, 3.0539994E+000, 0.0000000E+000, 0.0000000E+000, 0.0000000E+000,-3.4305333E-002,-8.7671513E-002, 3.2471061E-006
 3.6000029E+003, 0.0000000E+000, 0.0000000E+000, 3.8929429E-001,-3.5094445E+000, 3.0774221E+000, 0.0000000E+000, 0.0000000E+000, 0.0000000E+000,-4.0728083E-002,-4.2728085E-002,-1.0085661E-006
 3.6300005E+003, 0.0000000E+000, 0.0000000E+000, 3.8918379E-001,-3.5854244E+000, 3.1561046E+000, 0.0000000E+000, 0.0000000E+000, 0.0000000E+000,-3.5382463E-003,-4.0136016E-002, 9.4374017E-003
 3.6600037E+003, 0.0000000E+000, 0.0000000E+000, 3.8507494E-001,-3.6407939E+000, 3.1913940E+000, 0.0000000E+000, 0.0000000E+000, 0.0000000E+000, 3.3423542E-002,-6.4324891E-002,-1.8185720E-006
 3.6900012E+003, 0.0000000E+000, 0.0000000E+000, 3.8488831E-001,-3.6383295E+000, 3.1858818E+000, 0.0000000E+000, 0.0000000E+000, 0.0000000E+000,-9.5884826E-002,-6.7559417E-002, 2.7579272E-006
 3.7200044E+003, 0.0000000E+000, 0.0000000E+000, 3.8382129E-001,-3.6267092E+000, 3.2039424E+000, 0.0000000E+000, 0.0000000E+000, 0.0000000E+000,-1.5498738E-002,-3.8945509E-002,-7.3443303E-007
 3.7500020E+003, 0.0000000E+000, 0.0000000E+000, 3.8363208E-001,-3.6012602E+000, 3.1849039E+000, 0.0000000E+000, 0.0000000E+000, 0.0000000E+000, 3.6114951E-003,-3.2724242E-002,-2.1676225E-006
 3.7800051E+003, 0.0000000E+000, 0.0000000E+000, 3.8187904E-001,-3.6508662E+000, 3.1988918E+000, 0.0000000E+000, 0.0000000E+000, 0.0000000E+000,-5.8939613E-002,-7.0095348E-002, 2.2401094E-006
 3.8100027E+003, 0.0000000E+000, 0.0000000E+000, 3.8238072E-001,-3.5864195E+000, 3.1204589E+000, 0.0000000E+000, 0.0000000E+000, 0.0000000E+000,-7.2733982E-002,-8.3579906E-002, 1.7740613E-006
 3.8400002E+003, 0.0000000E+000, 0.0000000E+000, 3.8299806E-001,-3.5909247E+000, 3.1278680E+000, 0.0000000E+000, 0.0000000E+000, 0.0000000E+000,-3.5549784E-002,-8.0058681E-002,-2.6793956E-006
 3.8700034E+003, 0.0000000E+000, 0.0000000E+000, 3.8166236E-001,-3.5717740E+000, 3.1401426E+000, 0.0000000E+000, 0.0000000E+000, 0.0000000E+000, 3.4698528E-003,-4.9969091E-002, 2.7150426E-006
 3.9000010E+003, 0.0000000E+000, 0.0000000E+000, 3.7992798E-001,-3.5500839E+000, 3.1418007E+000, 0.0000000E+000, 0.0000000E+000, 0.0000000E+000, 2.9788546E-002,-2.8355289E-002, 5.9299794E-004
 3.9300042E+003, 0.0000000E+000, 0.0000000E+000, 3.7606644E-001,-3.6804455E+000, 3.2427433E+000, 0.0000000E+000, 0.0000000E+000, 0.0000000E+000, 2.7579136E-003,-6.1635801E-002, 8.8373264E-003
 3.9600017E+003, 0.0000000E+000, 0.0000000E+000, 3.7450577E-001,-3.6989889E+000, 3.2412889E+000, 0.0000000E+000, 0.0000000E+000, 0.0000000E+000,-4.5628056E-002,-8.3194236E-002, 9.1778510E-007
 3.9900046E+003, 0.0000000E+000, 0.0000000E+000, 3.7395769E-001,-3.7524439E+000, 3.2817330E+000, 0.0000000E+000, 0.0000000E+000, 0.0000000E+000,-4.1683990E-002,-9.6753247E-002,-2.3614642E-006
 4.0200024E+003, 0.0000000E+000, 0.0000000E+000, 3.7364586E-001,-3.7360514E+000, 3.2965773E+000, 0.0000000E+000, 0.0000000E+000, 0.0000000E+000,-5.2312633E-003,-6.5828263E-002, 1.0654463E-006
 4.0500054E+003, 0.0000000E+000, 0.0000000E+000, 3.7159312E-001,-3.7174885E+000, 3.2748402E+000, 0.0000000E+000, 0.0000000E+000, 0.0000000E+000,-3.5613864E-002,-7.1055192E-002, 1.5890498E-006
 4.0800032E+003, 0.0000000E+000, 0.0000000E+000, 3.7103202E-001,-3.6669081E+000, 3.2655266E+000, 0.0000000E+000, 0.0000000E+000, 0.0000000E+000,-1.1642181E-004,-3.0349415E-002,-1.8652807E-007
 4.1100005E+003, 0.0000000E+000, 0.0000000E+000, 3.7134894E-001,-3.7046005E+000, 3.2105346E+000, 0.0000000E+000, 0.0000000E+000, 0.0000000E+000,-1.0934364E-001,-1.2271693E-001,-8.2654376E-007
 4.1400039E+003, 0.0000000E+000, 0.0000000E+000, 3.7220602E-001,-3.7184650E+000, 3.2609591E+000, 0.0000000E+000, 0.0000000E+000, 0.0000000E+000,-3.3199726E-002,-8.5299866E-002,-1.0616651E-007
 4.1700015E+003, 0.0000000E+000, 0.0000000E+000, 3.7038998E-001,-3.6402691E+000, 3.2535700E+000, 0.0000000E+000, 0.0000000E+000, 0.0000000E+000, 2.2971023E-002,-1.6309160E-002, 9.1954803E-007
 4.2000044E+003, 0.0000000E+000, 0.0000000E+000, 3.6943355E-001,-3.6365570E+000, 3.2065722E+000, 0.0000000E+000, 0.0000000E+000, 0.0000000E+000,-1.4426799E-002,-6.0551224E-002,-1.5251279E-006
 4.2300020E+003, 0.0000000E+000, 0.0000000E+000, 3.6848321E-001,-3.7667203E+000, 3.2801350E+000, 0.0000000E+000, 0.0000000E+000, 0.0000000E+000,-4.4855739E-002,-1.1810208E-001, 9.4289650E-003
 4.2600054E+003, 0.0000000E+000, 0.0000000E+000, 3.6722106E-001,-3.7619656E+000, 3.3013396E+000, 0.0000000E+000, 0.0000000E+000, 0.0000000E+000,-2.9704412E-003,-9.3404845E-002, 2.5875913E-006
 4.2900029E+003, 0.0000000E+000, 0.0000000E+000, 3.6595091E-001,-3.6947434E+000, 3.2700312E+000, 0.0000000E+000, 0.0000000E+000, 0.0000000E+000,-1.4844564E-002,-5.8761263E-002,-3.1083458E-006
 4.3200005E+003, 0.0000000E+000, 0.0000000E+000, 3.6553399E-001,-3.7562125E+000, 3.2582034E+000, 0.0000000E+000, 0.0000000E+000, 0.0000000E+000,-8.3539475E-002,-1.3247507E-001, 1.2803968E-006
 4.3500034E+003, 0.0000000E+000, 0.0000000E+000, 3.6723024E-001,-3.7064882E+000, 3.2564115E+000, 0.0000000E+000, 0.0000000E+000, 0.0000000E+000,-5.9414280E-002,-8.2846421E-002, 3.5837250E-007
 4.3800010E+003, 0.0000000E+000, 0.0000000E+000, 3.6518686E-001,-3.6924410E+000, 3.2895409E+000, 0.0000000E+000, 0.0000000E+000, 0.0000000E+000, 3.0226935E-002,-3.7713238E-002,-8.1501804E-007
 4.4100044E+003, 0.0000000E+000, 0.0000000E+000, 3.6431341E-001,-3.7371692E+000, 3.2659689E+000, 0.0000000E+000, 0.0000000E+000, 0.0000000E+000,-8.9458364E-002,-1.0688690E-001,-7.0862389E-007
 4.4400020E+003, 0.0000000E+000, 0.0000000E+000, 3.6552295E-001,-3.6907679E+000, 3.2858989E+000, 0.0000000E+000, 0.0000000E+000, 0.0000000E+000,-1.0364395E-002,-3.9346050E-002, 1.9084249E-006
 4.4700049E+003, 0.0000000E+000, 0.0000000E+000, 3.6193140E-001,-3.6337148E+000, 3.2551531E+000, 0.0000000E+000, 0.0000000E+000, 0.0000000E+000, 4.0910259E-002,-1.6630239E-002,-1.9681569E-006
 4.5000000E+003, 0.0000000E+000, 0.0000000E+000, 3.6178791E-001,-3.6672487E+000, 3.2068756E+000, 0.0000000E+000, 0.0000000E+000, 0.0000000E+000,-3.4541267E-002,-9.8585178E-002,-9.8532491E-008
