m,kW/m2,kW/m2,kW/m2,kW/m2,kW/m2,kW/m2,kW/m2,kW/m2,kW/m2,m,C,C,C,C,C,C,C,C,C,C,C,C,C,C,C,C,C,C,C,C,C,C,C,C,C,C,C,C,C,C,C,C,C,C,C,C,C,C,C,C,C,C,C,C,C,C,C,C,C,C,C,C,C,C,C,C,C,C,C,C,C,C,C,C,C,C,C,C,C,C,C,C,C,C,C,C,C,C,C,C,C
z-HF,HF_600,HF_750,HF_900,CHF_600,CHF_750,CHF_900,RHF_600,RHF_750,RHF_900,z-T,T_600_x=0.00_y=0.00,T_600_x=0.10_y=0.00,T_600_x=0.20_y=0.00,T_600_x=0.30_y=0.00,T_600_x=0.40_y=0.00,T_600_x=0.50_y=0.00,T_600_x=0.60_y=0.00,T_600_x=0.70_y=0.00,T_600_x=0.80_y=0.00,T_600_x=0.00_y=0.23,T_600_x=0.10_y=0.23,T_600_x=0.20_y=0.23,T_600_x=0.30_y=0.23,T_600_x=0.40_y=0.23,T_600_x=0.50_y=0.23,T_600_x=0.60_y=0.23,T_600_x=0.70_y=0.23,T_600_x=0.80_y=0.23,T_600_x=0.00_y=0.41,T_600_x=0.10_y=0.41,T_600_x=0.20_y=0.41,T_600_x=0.30_y=0.41,T_600_x=0.40_y=0.41,T_600_x=0.50_y=0.41,T_600_x=0.60_y=0.41,T_600_x=0.70_y=0.41,T_600_x=0.80_y=0.41,T_750_x=0.00_y=0.00,T_750_x=0.10_y=0.00,T_750_x=0.20_y=0.00,T_750_x=0.30_y=0.00,T_750_x=0.40_y=0.00,T_750_x=0.50_y=0.00,T_750_x=0.60_y=0.00,T_750_x=0.70_y=0.00,T_750_x=0.80_y=0.00,T_750_x=0.00_y=0.23,T_750_x=0.10_y=0.23,T_750_x=0.20_y=0.23,T_750_x=0.30_y=0.23,T_750_x=0.40_y=0.23,T_750_x=0.50_y=0.23,T_750_x=0.60_y=0.23,T_750_x=0.70_y=0.23,T_750_x=0.80_y=0.23,T_750_x=0.00_y=0.41,T_750_x=0.10_y=0.41,T_750_x=0.20_y=0.41,T_750_x=0.30_y=0.41,T_750_x=0.40_y=0.41,T_750_x=0.50_y=0.41,T_750_x=0.60_y=0.41,T_750_x=0.70_y=0.41,T_750_x=0.80_y=0.41,T_900_x=0.00_y=0.00,T_900_x=0.10_y=0.00,T_900_x=0.20_y=0.00,T_900_x=0.30_y=0.00,T_900_x=0.40_y=0.00,T_900_x=0.50_y=0.00,T_900_x=0.60_y=0.00,T_900_x=0.70_y=0.00,T_900_x=0.80_y=0.00,T_900_x=0.00_y=0.23,T_900_x=0.10_y=0.23,T_900_x=0.20_y=0.23,T_900_x=0.30_y=0.23,T_900_x=0.40_y=0.23,T_900_x=0.50_y=0.23,T_900_x=0.60_y=0.23,T_900_x=0.70_y=0.23,T_900_x=0.80_y=0.23,T_900_x=0.00_y=0.41,T_900_x=0.10_y=0.41,T_900_x=0.20_y=0.41,T_900_x=0.30_y=0.41,T_900_x=0.40_y=0.41,T_900_x=0.50_y=0.41,T_900_x=0.60_y=0.41,T_900_x=0.70_y=0.41,T_900_x=0.80_y=0.41
 2.0000000E-002, 4.1000146E+001, 6.0977761E+001, 8.0212792E+001, 4.6138996E+000, 5.2002630E+000, 5.4950103E+000, 3.6386137E+001, 5.5777835E+001, 7.4717692E+001,-9.0000000E-001, 3.0896826E+002, 2.8964440E+002, 2.5001747E+002, 2.2498385E+002, 2.0375331E+002, 1.8147380E+002, 1.5394646E+002, 1.4767319E+002, 1.3653767E+002, 2.9456020E+002, 2.9031242E+002, 2.3925245E+002, 2.0574867E+002, 1.8735623E+002, 1.7015033E+002, 1.4594698E+002, 1.3895991E+002, 1.2945931E+002, 2.4396684E+002, 2.5548069E+002, 1.9200960E+002, 1.7154231E+002, 1.5584635E+002, 1.4141023E+002, 1.2537855E+002, 1.2088094E+002, 1.1146963E+002, 3.6819403E+002, 3.4478677E+002, 2.9961263E+002, 2.6956196E+002, 2.4281538E+002, 2.1652060E+002, 1.8571247E+002, 1.7889180E+002, 1.6440618E+002, 3.5627594E+002, 3.4803068E+002, 2.8780503E+002, 2.4827078E+002, 2.2298092E+002, 2.0246905E+002, 1.7634101E+002, 1.6886306E+002, 1.5513001E+002, 2.9662223E+002, 3.1049666E+002, 2.3334490E+002, 2.0648561E+002, 1.8953746E+002, 1.7063310E+002, 1.4978771E+002, 1.4392212E+002, 1.3465708E+002, 4.0950019E+002, 3.8178857E+002, 3.3310438E+002, 2.9685339E+002, 2.6833707E+002, 2.4069502E+002, 2.0727037E+002, 1.9826043E+002, 1.8218225E+002, 3.9593309E+002, 3.9035104E+002, 3.1882044E+002, 2.7733949E+002, 2.5253948E+002, 2.2477093E+002, 1.9615363E+002, 1.8999287E+002, 1.7464680E+002, 3.2962039E+002, 3.4121458E+002, 2.6856912E+002, 2.3165344E+002, 2.1149478E+002, 1.9162414E+002, 1.6806006E+002, 1.6125994E+002, 1.4954961E+002
 7.0185185E-002, 3.3987686E+001, 5.5055308E+001, 7.6946116E+001, 3.7850834E+000, 4.6958560E+000, 5.3023458E+000, 3.0202565E+001, 5.0360045E+001, 7.1643530E+001,-8.0000000E-001, 3.4065104E+002, 3.4718028E+002, 2.7697727E+002, 2.4668772E+002, 2.1755318E+002, 1.9026765E+002, 1.5931473E+002, 1.5294406E+002, 1.3948070E+002, 3.4829431E+002, 3.3905080E+002, 2.8450314E+002, 2.3092978E+002, 2.0149940E+002, 1.7833295E+002, 1.5080932E+002, 1.4486072E+002, 1.3218883E+002, 2.8263420E+002, 2.6593231E+002, 2.2200179E+002, 1.9506735E+002, 1.7214243E+002, 1.5127281E+002, 1.2809721E+002, 1.2201829E+002, 1.1265224E+002, 4.0673133E+002, 4.0311371E+002, 3.3434213E+002, 2.9481351E+002, 2.5966896E+002, 2.2863525E+002, 1.9387918E+002, 1.8567281E+002, 1.6921278E+002, 4.2110890E+002, 4.0656399E+002, 3.4433647E+002, 2.8114335E+002, 2.4074698E+002, 2.1381690E+002, 1.8261104E+002, 1.7503566E+002, 1.5902591E+002, 3.4452381E+002, 3.2953099E+002, 2.6259003E+002, 2.3326526E+002, 2.0864737E+002, 1.8318866E+002, 1.5411709E+002, 1.4674808E+002, 1.3626961E+002, 4.4886080E+002, 4.4068152E+002, 3.6976334E+002, 3.2642229E+002, 2.8770027E+002, 2.5517847E+002, 2.1655495E+002, 2.0644103E+002, 1.8790301E+002, 4.6306566E+002, 4.5607247E+002, 3.7180128E+002, 3.0986911E+002, 2.7151937E+002, 2.3702121E+002, 2.0415898E+002, 1.9569360E+002, 1.7917884E+002, 3.8894219E+002, 3.7515926E+002, 2.9723950E+002, 2.6219548E+002, 2.3619444E+002, 2.0414958E+002, 1.7308496E+002, 1.6465418E+002, 1.5031145E+002
 1.2037037E-001, 2.7763321E+001, 4.7463309E+001, 6.9301822E+001, 2.8694619E+000, 3.7668491E+000, 4.5596335E+000, 2.4893303E+001, 4.3696454E+001, 6.4741361E+001,-7.0000000E-001, 3.8806024E+002, 3.8373048E+002, 2.9241630E+002, 2.6209059E+002, 2.2791227E+002, 1.9918833E+002, 1.6678833E+002, 1.6064200E+002, 1.4575752E+002, 3.9417700E+002, 3.5264418E+002, 2.9612913E+002, 2.4576973E+002, 2.1223373E+002, 1.8682094E+002, 1.5866352E+002, 1.5253992E+002, 1.3818364E+002, 3.2922052E+002, 2.8941683E+002, 2.4742875E+002, 2.1181215E+002, 1.8413959E+002, 1.6132576E+002, 1.3259037E+002, 1.2585075E+002, 1.1721550E+002, 4.4839030E+002, 4.3769703E+002, 3.5372146E+002, 3.1303626E+002, 2.7269055E+002, 2.3961009E+002, 2.0375517E+002, 1.9421904E+002, 1.7702134E+002, 4.7228980E+002, 4.1892702E+002, 3.5629353E+002, 2.9949054E+002, 2.5584728E+002, 2.2424778E+002, 1.9087036E+002, 1.8312130E+002, 1.6792687E+002, 4.0107833E+002, 3.5861052E+002, 2.9610028E+002, 2.5364832E+002, 2.2132977E+002, 1.9348958E+002, 1.6012423E+002, 1.5243812E+002, 1.4026963E+002, 4.8926348E+002, 4.7998217E+002, 3.8979018E+002, 3.4633158E+002, 3.0252776E+002, 2.6684879E+002, 2.2742595E+002, 2.1551152E+002, 1.9637921E+002, 5.1535484E+002, 4.6029338E+002, 3.8243630E+002, 3.3757420E+002, 2.8665746E+002, 2.4802256E+002, 2.1329546E+002, 2.0276112E+002, 1.8627364E+002, 4.4613388E+002, 4.0917533E+002, 3.2556262E+002, 2.8551964E+002, 2.4953212E+002, 2.1579440E+002, 1.7958850E+002, 1.6967044E+002, 1.5500530E+002
 1.7055556E-001, 2.3540074E+001, 4.2616830E+001, 6.3450375E+001, 2.4830534E+000, 3.8362514E+000, 4.5351325E+000, 2.1055780E+001, 3.8779379E+001, 5.8914526E+001,-6.0000000E-001, 4.3947843E+002, 3.9605559E+002, 3.0068836E+002, 2.7051736E+002, 2.3350937E+002, 2.0383258E+002, 1.7036449E+002, 1.6372269E+002, 1.4781702E+002, 4.1173067E+002, 3.5840756E+002, 2.8163007E+002, 2.5223802E+002, 2.1742772E+002, 1.9172848E+002, 1.6260922E+002, 1.5480790E+002, 1.4204514E+002, 4.1084535E+002, 3.3597493E+002, 2.6743154E+002, 2.2050658E+002, 1.9214927E+002, 1.6633518E+002, 1.3433274E+002, 1.2770740E+002, 1.1967583E+002, 4.9057067E+002, 4.5591968E+002, 3.6284664E+002, 3.2488650E+002, 2.8024094E+002, 2.4552240E+002, 2.0808273E+002, 1.9778205E+002, 1.7928332E+002, 4.9460865E+002, 4.3457541E+002, 3.4173762E+002, 3.0595071E+002, 2.6310987E+002, 2.3016688E+002, 1.9519533E+002, 1.8595632E+002, 1.7206947E+002, 5.0246101E+002, 4.0850218E+002, 3.1568947E+002, 2.6247217E+002, 2.2972705E+002, 2.0017298E+002, 1.6355580E+002, 1.5538224E+002, 1.4199128E+002, 5.2942547E+002, 4.9899205E+002, 4.0075331E+002, 3.5833969E+002, 3.1119894E+002, 2.7274955E+002, 2.3105381E+002, 2.1930146E+002, 2.0025340E+002, 5.4614139E+002, 4.8156347E+002, 3.7931511E+002, 3.4368341E+002, 2.9409548E+002, 2.5401922E+002, 2.1668202E+002, 2.0509881E+002, 1.8964629E+002, 5.2524755E+002, 4.3367819E+002, 3.4286062E+002, 2.9751128E+002, 2.6021402E+002, 2.2332188E+002, 1.8195884E+002, 1.7147424E+002, 1.5754632E+002
 2.2074074E-001, 2.0546640E+001, 3.8026425E+001, 5.7985538E+001, 2.2688327E+000, 3.4449587E+000, 4.1970150E+000, 1.8275725E+001, 3.4580087E+001, 5.3787606E+001,-5.0000000E-001, 4.7188475E+002, 4.1121810E+002, 3.0265348E+002, 2.7313041E+002, 2.3598559E+002, 2.0541285E+002, 1.7100099E+002, 1.6329986E+002, 1.4703738E+002, 4.4280167E+002, 3.7503227E+002, 2.8127612E+002, 2.5196066E+002, 2.2056032E+002, 1.9360812E+002, 1.6275196E+002, 1.5405030E+002, 1.4189183E+002, 4.4544253E+002, 3.5438302E+002, 2.4574100E+002, 2.1310980E+002, 1.9428954E+002, 1.6834289E+002, 1.3457392E+002, 1.2812461E+002, 1.1932129E+002, 5.2461065E+002, 4.6754695E+002, 3.6701176E+002, 3.3151462E+002, 2.8459285E+002, 2.4819141E+002, 2.0896609E+002, 1.9782744E+002, 1.7864282E+002, 5.4010564E+002, 4.6620567E+002, 3.4426470E+002, 3.0561064E+002, 2.6569572E+002, 2.3253012E+002, 1.9600389E+002, 1.8616797E+002, 1.7085923E+002, 5.6533091E+002, 4.3936816E+002, 2.8657840E+002, 2.5248348E+002, 2.3285704E+002, 2.0180090E+002, 1.6490445E+002, 1.5568400E+002, 1.4190200E+002, 5.6646379E+002, 5.1278962E+002, 4.0720813E+002, 3.6590275E+002, 3.1773327E+002, 2.7615381E+002, 2.3205293E+002, 2.2034970E+002, 2.0040737E+002, 5.8540596E+002, 5.1574117E+002, 3.8499374E+002, 3.4260368E+002, 2.9905109E+002, 2.5817080E+002, 2.1626981E+002, 2.0564705E+002, 1.8994415E+002, 5.9015196E+002, 4.6417482E+002, 3.1601156E+002, 2.8049340E+002, 2.6038297E+002, 2.2835697E+002, 1.8266164E+002, 1.7167542E+002, 1.5749834E+002
 2.7092593E-001, 1.8175368E+001, 3.4265112E+001, 5.3507628E+001, 2.0627103E+000, 3.2396820E+000, 4.1367505E+000, 1.6111722E+001, 3.1024767E+001, 4.9368602E+001,-4.0000000E-001, 5.1199799E+002, 4.3314912E+002, 3.0099493E+002, 2.7287122E+002, 2.3558363E+002, 2.0398037E+002, 1.6940563E+002, 1.6098416E+002, 1.4465043E+002, 5.3154744E+002, 4.2517925E+002, 2.8595057E+002, 2.5089020E+002, 2.2145116E+002, 1.9324294E+002, 1.6063867E+002, 1.5211197E+002, 1.3962012E+002, 5.3242697E+002, 4.1789497E+002, 2.4405512E+002, 2.0728083E+002, 1.9101967E+002, 1.6751970E+002, 1.3383337E+002, 1.2717999E+002, 1.1779318E+002, 5.5318570E+002, 4.7576734E+002, 3.6819283E+002, 3.3497156E+002, 2.8630188E+002, 2.4858958E+002, 2.0772617E+002, 1.9642211E+002, 1.7695215E+002, 6.4682366E+002, 5.3683552E+002, 3.5291909E+002, 3.0709186E+002, 2.6831114E+002, 2.3315106E+002, 1.9506415E+002, 1.8512351E+002, 1.6811810E+002, 6.7769685E+002, 5.3689710E+002, 3.0501698E+002, 2.5395659E+002, 2.3550225E+002, 2.0367598E+002, 1.6550354E+002, 1.5561032E+002, 1.4095911E+002, 5.9382968E+002, 5.2252632E+002, 4.0899820E+002, 3.7050718E+002, 3.2112711E+002, 2.7739903E+002, 2.3132576E+002, 2.2019965E+002, 1.9888488E+002, 7.0905452E+002, 5.9914645E+002, 3.9796432E+002, 3.4431351E+002, 3.0251562E+002, 2.6107434E+002, 2.1546317E+002, 2.0576301E+002, 1.8807292E+002, 7.5978193E+002, 5.9259635E+002, 3.3577516E+002, 2.8058241E+002, 2.6493225E+002, 2.2980758E+002, 1.8313323E+002, 1.7172085E+002, 1.5604957E+002
 3.2111111E-001, 1.6313444E+001, 3.1060082E+001, 4.9579476E+001, 1.9558963E+000, 3.1239631E+000, 4.0087309E+000, 1.4356424E+001, 2.7935309E+001, 4.5569184E+001,-3.0000000E-001, 6.3837631E+002, 5.0249251E+002, 3.0686209E+002, 2.7232364E+002, 2.3119335E+002, 1.9994359E+002, 1.6526289E+002, 1.5631752E+002, 1.3985356E+002, 7.3702073E+002, 5.8067750E+002, 3.1939334E+002, 2.5820481E+002, 2.1947006E+002, 1.8923636E+002, 1.5614851E+002, 1.4813055E+002, 1.3476843E+002, 6.7205307E+002, 5.5657963E+002, 2.8315022E+002, 2.2117660E+002, 1.9557295E+002, 1.6566070E+002, 1.3117358E+002, 1.2415624E+002, 1.1411880E+002, 6.1646436E+002, 4.9503694E+002, 3.7026919E+002, 3.3446163E+002, 2.8280719E+002, 2.4526297E+002, 2.0349436E+002, 1.9221476E+002, 1.7257254E+002, 8.3895599E+002, 6.7795153E+002, 3.9341294E+002, 3.1985648E+002, 2.6738739E+002, 2.3115192E+002, 1.9151151E+002, 1.8152046E+002, 1.6361706E+002, 8.5777125E+002, 7.1183719E+002, 3.7186630E+002, 2.7639242E+002, 2.4003591E+002, 2.0362407E+002, 1.6345220E+002, 1.5290864E+002, 1.3761669E+002, 6.5597185E+002, 5.4181778E+002, 4.1320392E+002, 3.7190427E+002, 3.1726504E+002, 2.7426935E+002, 2.2731999E+002, 2.1623285E+002, 1.9420580E+002, 8.8061620E+002, 7.4765114E+002, 4.5899417E+002, 3.5950902E+002, 3.0181604E+002, 2.6007785E+002, 2.1227525E+002, 2.0280250E+002, 1.8301926E+002, 9.6184711E+002, 7.9912139E+002, 3.9851077E+002, 3.0233201E+002, 2.7169499E+002, 2.2845631E+002, 1.8184800E+002, 1.7031196E+002, 1.5284624E+002
 3.7129630E-001, 1.4874358E+001, 2.8347017E+001, 4.6236015E+001, 1.9523432E+000, 3.0659758E+000, 4.0046764E+000, 1.2921294E+001, 2.5281058E+001, 4.2230046E+001,-2.0000000E-001, 8.3731675E+002, 6.5855871E+002, 3.6166849E+002, 2.7249489E+002, 2.1942551E+002, 1.8974216E+002, 1.5582626E+002, 1.4665178E+002, 1.3030182E+002, 9.3948121E+002, 7.9472260E+002, 4.4162382E+002, 2.8223319E+002, 2.1147261E+002, 1.8031146E+002, 1.4723484E+002, 1.3955254E+002, 1.2566665E+002, 8.3617039E+002, 7.4413127E+002, 3.9816524E+002, 2.6738220E+002, 1.8958307E+002, 1.5176758E+002, 1.2428206E+002, 1.1720976E+002, 1.0660698E+002, 7.6264804E+002, 5.8674354E+002, 4.0043980E+002, 3.2347026E+002, 2.7055686E+002, 2.3490534E+002, 1.9327336E+002, 1.8216982E+002, 1.6267584E+002, 9.9101465E+002, 8.6691443E+002, 5.3167826E+002, 3.4780845E+002, 2.6370482E+002, 2.2296565E+002, 1.8266848E+002, 1.7254338E+002, 1.5452675E+002, 1.0052220E+003, 8.9490521E+002, 5.2504320E+002, 3.3676050E+002, 2.3992692E+002, 1.9231979E+002, 1.5628982E+002, 1.4560623E+002, 1.3055932E+002, 7.9905394E+002, 6.3122663E+002, 4.4417764E+002, 3.6172253E+002, 3.0492884E+002, 2.6416717E+002, 2.1734626E+002, 2.0601488E+002, 1.8432489E+002, 1.0353888E+003, 9.0447601E+002, 6.1979140E+002, 4.0938890E+002, 2.9918766E+002, 2.5095305E+002, 2.0372705E+002, 1.9396426E+002, 1.7344389E+002, 1.0885727E+003, 9.8778750E+002, 5.8568686E+002, 3.8318688E+002, 2.6935078E+002, 2.1794564E+002, 1.7597706E+002, 1.6469868E+002, 1.4652510E+002
 4.2148148E-001, 1.3677774E+001, 2.6001199E+001, 4.3295040E+001, 1.9788972E+000, 3.0688367E+000, 4.0968003E+000, 1.1698465E+001, 2.2932746E+001, 3.9198217E+001,-1.0000000E-001, 1.0198654E+003, 8.7052598E+002, 5.3863152E+002, 2.8839427E+002, 2.0668157E+002, 1.7400486E+002, 1.4196553E+002, 1.3368349E+002, 1.1902962E+002, 1.0471075E+003, 9.5147356E+002, 6.7929168E+002, 3.6286276E+002, 2.1130944E+002, 1.6687679E+002, 1.3450522E+002, 1.2764806E+002, 1.1506534E+002, 9.1698799E+002, 8.8405827E+002, 6.4951021E+002, 3.6067885E+002, 2.1478481E+002, 1.4893777E+002, 1.1486909E+002, 1.0836322E+002, 9.8400567E+001, 9.8866083E+002, 7.9501268E+002, 5.0483570E+002, 3.1127016E+002, 2.5244701E+002, 2.1744630E+002, 1.7842322E+002, 1.6834778E+002, 1.5058950E+002, 1.1075739E+003, 1.0234917E+003, 7.6956410E+002, 4.2070287E+002, 2.6530949E+002, 2.1001330E+002, 1.6984497E+002, 1.6036952E+002, 1.4370359E+002, 1.0739932E+003, 1.0269173E+003, 8.0804294E+002, 4.8848628E+002, 2.8928703E+002, 1.9584470E+002, 1.4653276E+002, 1.3665699E+002, 1.2265931E+002, 1.0395960E+003, 8.5845754E+002, 5.5341948E+002, 3.5057662E+002, 2.8645176E+002, 2.4690878E+002, 2.0313581E+002, 1.9240461E+002, 1.7255766E+002, 1.1486040E+003, 1.0672695E+003, 8.3042891E+002, 5.0493203E+002, 3.2180874E+002, 2.4076735E+002, 1.9172747E+002, 1.8198375E+002, 1.6264447E+002, 1.1154889E+003, 1.0903766E+003, 8.9399867E+002, 5.6803537E+002, 3.2644952E+002, 2.2060763E+002, 1.6705189E+002, 1.5628021E+002, 1.3924843E+002
 4.7166667E-001, 1.2629329E+001, 2.3901859E+001, 4.0682826E+001, 2.0168313E+000, 3.0751706E+000, 4.2801597E+000, 1.0612470E+001, 2.0826953E+001, 3.6403299E+001, 0.0000000E+000, 8.9586706E+002, 9.3177405E+002, 7.8414401E+002, 3.8370302E+002, 2.0649703E+002, 1.6043946E+002, 1.3187762E+002, 1.2542262E+002, 1.1345935E+002, 8.9879188E+002, 9.5894765E+002, 8.6226938E+002, 5.0169024E+002, 2.3522318E+002, 1.5903701E+002, 1.2549450E+002, 1.1997988E+002, 1.0966905E+002, 5.9987499E+002, 7.3710847E+002, 8.1489392E+002, 5.1698983E+002, 2.6984744E+002, 1.5860633E+002, 1.1000882E+002, 1.0360230E+002, 9.4791057E+001, 1.0036321E+003, 1.0184928E+003, 7.2942195E+002, 3.5204597E+002, 2.3586803E+002, 1.9946261E+002, 1.6690608E+002, 1.5861845E+002, 1.4364039E+002, 1.0363336E+003, 1.0751346E+003, 9.5255419E+002, 5.4885769E+002, 2.8454614E+002, 2.0217247E+002, 1.5983361E+002, 1.5173682E+002, 1.3736202E+002, 8.7041649E+002, 9.5860359E+002, 9.5897896E+002, 6.6568173E+002, 3.6422521E+002, 2.1489063E+002, 1.4155971E+002, 1.3147879E+002, 1.1842044E+002, 1.0612641E+003, 1.0730631E+003, 7.8456087E+002, 4.0382299E+002, 2.7320733E+002, 2.2952510E+002, 1.9137014E+002, 1.8221591E+002, 1.6514730E+002, 1.0817837E+003, 1.1099591E+003, 9.9045936E+002, 6.2472908E+002, 3.5675274E+002, 2.4207247E+002, 1.8198043E+002, 1.7289764E+002, 1.5597799E+002, 9.4607672E+002, 1.0187668E+003, 1.0243287E+003, 7.5182784E+002, 4.3385436E+002, 2.4569815E+002, 1.6257409E+002, 1.5126006E+002, 1.3471942E+002
 5.2185185E-001, 1.1672554E+001, 2.2058054E+001, 3.8245206E+001, 2.0454459E+000, 3.1018211E+000, 4.4507760E+000, 9.6277682E+000, 1.8956885E+001, 3.3795338E+001, 1.0000000E-001, 6.2504463E+002, 6.8375061E+002, 7.9586387E+002, 5.4863950E+002, 2.4536990E+002, 1.5038340E+002, 1.1743094E+002, 1.1230532E+002, 1.0328695E+002, 5.6882816E+002, 7.0610822E+002, 8.7204670E+002, 6.3439841E+002, 2.9831910E+002, 1.5512077E+002, 1.1222257E+002, 1.0765523E+002, 9.9869366E+001, 2.5044190E+002, 4.1487438E+002, 7.1242161E+002, 6.3085259E+002, 3.6943501E+002, 1.8320763E+002, 1.0310655E+002, 9.6047987E+001, 8.7627879E+001, 8.0199861E+002, 8.4902596E+002, 8.7604184E+002, 4.8721007E+002, 2.4124983E+002, 1.8000825E+002, 1.5019655E+002, 1.4346434E+002, 1.3155417E+002, 8.3757515E+002, 9.1977606E+002, 1.0023285E+003, 6.8336641E+002, 3.2868239E+002, 1.9834056E+002, 1.4497506E+002, 1.3804281E+002, 1.2639304E+002, 4.5735508E+002, 6.7574583E+002, 9.1031366E+002, 7.9328098E+002, 4.9933214E+002, 2.4551422E+002, 1.3715638E+002, 1.2368018E+002, 1.1086184E+002, 9.2215837E+002, 9.6502302E+002, 9.3573912E+002, 5.3633895E+002, 2.8739895E+002, 2.1344146E+002, 1.7410333E+002, 1.6637322E+002, 1.5219318E+002, 9.1782487E+002, 9.8472538E+002, 1.0434075E+003, 7.4323800E+002, 4.0716673E+002, 2.4707584E+002, 1.6717509E+002, 1.5865829E+002, 1.4454205E+002, 5.6288507E+002, 8.0030068E+002, 9.9343439E+002, 8.6839717E+002, 5.7909204E+002, 3.0651412E+002, 1.5643756E+002, 1.4271007E+002, 1.2639894E+002
 5.7203704E-001, 1.0823938E+001, 2.0425860E+001, 3.5921217E+001, 2.0825722E+000, 3.1205222E+000, 4.5814800E+000, 8.7423576E+000, 1.7306172E+001, 3.1341219E+001, 2.0000000E-001, 5.3929295E+002, 5.8899103E+002, 7.3818746E+002, 5.9043567E+002, 2.8119393E+002, 1.5173801E+002, 1.1015118E+002, 1.0510942E+002, 9.6817282E+001, 4.4471482E+002, 6.1911135E+002, 8.2978285E+002, 6.6964618E+002, 3.4129509E+002, 1.5989166E+002, 1.0542112E+002, 1.0069717E+002, 9.3522348E+001, 2.0145279E+002, 3.1831060E+002, 6.0808282E+002, 6.3284674E+002, 4.2031519E+002, 2.0613317E+002, 1.0005148E+002, 9.1712030E+001, 8.2672543E+001, 7.3744491E+002, 7.7781764E+002, 8.6091470E+002, 5.5152190E+002, 2.5815196E+002, 1.7372968E+002, 1.4154822E+002, 1.3517504E+002, 1.2423152E+002, 7.1718239E+002, 8.5081338E+002, 9.7748879E+002, 7.3114068E+002, 3.5906101E+002, 1.9951713E+002, 1.3724202E+002, 1.3042831E+002, 1.1954557E+002, 3.7438682E+002, 5.5974393E+002, 8.3834006E+002, 8.1359094E+002, 5.6287366E+002, 2.7686843E+002, 1.3442149E+002, 1.1940231E+002, 1.0578866E+002, 8.5821546E+002, 9.0212425E+002, 9.3648564E+002, 5.9501881E+002, 3.0824151E+002, 2.0912026E+002, 1.6558653E+002, 1.5804957E+002, 1.4453228E+002, 8.0690758E+002, 9.1729278E+002, 1.0284568E+003, 7.8678908E+002, 4.3772604E+002, 2.5213805E+002, 1.5985415E+002, 1.5103099E+002, 1.3779995E+002, 4.7482918E+002, 6.9489264E+002, 9.3176541E+002, 8.8827752E+002, 6.4039871E+002, 3.5181758E+002, 1.5390259E+002, 1.3773058E+002, 1.2106799E+002
 6.2222222E-001, 1.0044350E+001, 1.8981703E+001, 3.3696250E+001, 2.0989633E+000, 3.1470371E+000, 4.6562791E+000, 7.9464113E+000, 1.5835555E+001, 2.9042136E+001, 3.0000000E-001, 3.9177559E+002, 4.3148577E+002, 5.8483900E+002, 5.8651590E+002, 3.7215656E+002, 1.8214676E+002, 9.7412383E+001, 9.0784138E+001, 8.2791263E+001, 2.8880710E+002, 4.5868316E+002, 6.8226336E+002, 6.7262719E+002, 4.3321470E+002, 2.0173985E+002, 9.2658096E+001, 8.6552271E+001, 7.9567399E+001, 1.4146633E+002, 1.9048027E+002, 3.5513235E+002, 5.1200992E+002, 4.8155411E+002, 2.8921135E+002, 1.0410270E+002, 8.5056287E+001, 7.1576337E+001, 6.0376277E+002, 6.2882992E+002, 7.3183882E+002, 6.1900223E+002, 3.3298736E+002, 1.7364961E+002, 1.2293453E+002, 1.1723134E+002, 1.0751951E+002, 4.9863945E+002, 6.7577089E+002, 8.5989313E+002, 7.7603765E+002, 4.4546452E+002, 2.1875289E+002, 1.2152728E+002, 1.1363721E+002, 1.0369924E+002, 2.5610005E+002, 3.4047342E+002, 5.7460056E+002, 7.5006023E+002, 6.6586512E+002, 4.0750277E+002, 1.4030762E+002, 1.1288597E+002, 9.3631471E+001, 7.3489968E+002, 7.7238989E+002, 8.4990402E+002, 6.6749600E+002, 3.7511429E+002, 2.1486231E+002, 1.4692458E+002, 1.3928171E+002, 1.2706850E+002, 6.3135016E+002, 7.9556732E+002, 9.4532369E+002, 8.2774870E+002, 5.1476111E+002, 2.8099907E+002, 1.4548678E+002, 1.3435640E+002, 1.2147377E+002, 3.4086223E+002, 4.4404573E+002, 6.8345132E+002, 8.3674759E+002, 7.2764202E+002, 4.8383189E+002, 1.7299378E+002, 1.3559224E+002, 1.0881422E+002
 6.7240741E-001, 9.3423003E+000, 1.7693310E+001, 3.1620650E+001, 2.1068967E+000, 3.1835694E+000, 4.7337374E+000, 7.2365666E+000, 1.4510566E+001, 2.6889179E+001, 4.0000000E-001, 3.7024478E+002, 4.0416803E+002, 5.1735976E+002, 5.5010426E+002, 3.9414939E+002, 2.0537506E+002, 9.5395038E+001, 8.5048870E+001, 7.6841472E+001, 2.4980671E+002, 3.7410069E+002, 5.9502365E+002, 6.3330799E+002, 4.5948692E+002, 2.3180806E+002, 8.9027231E+001, 8.0434236E+001, 7.3597693E+001, 1.2303775E+002, 1.5983509E+002, 2.7180210E+002, 4.2120492E+002, 4.6089728E+002, 3.2523736E+002, 1.1708605E+002, 8.8254038E+001, 6.7188738E+001, 5.5034724E+002, 5.8052223E+002, 6.5824619E+002, 6.0651052E+002, 3.6584376E+002, 1.8463303E+002, 1.1334800E+002, 1.0804694E+002, 9.9698998E+001, 4.1873636E+002, 5.7598266E+002, 7.6751809E+002, 7.5492500E+002, 4.7617004E+002, 2.3816965E+002, 1.1539886E+002, 1.0555588E+002, 9.6221513E+001, 2.1318213E+002, 2.6927186E+002, 4.4206742E+002, 6.5577636E+002, 6.7387505E+002, 4.6735906E+002, 1.6459511E+002, 1.1890659E+002, 8.8712326E+001, 6.9741085E+002, 7.2007277E+002, 7.8633035E+002, 6.6213100E+002, 4.0279771E+002, 2.2654483E+002, 1.3827675E+002, 1.2955549E+002, 1.1845613E+002, 5.5903035E+002, 7.1887277E+002, 8.7969787E+002, 8.1451259E+002, 5.4015909E+002, 3.0273224E+002, 1.4097119E+002, 1.2636875E+002, 1.1334816E+002, 2.9017000E+002, 3.5287025E+002, 5.6254274E+002, 7.5245338E+002, 7.3102009E+002, 5.3654638E+002, 2.0177217E+002, 1.4639292E+002, 1.0379424E+002
 7.2259259E-001, 8.7030507E+000, 1.6519922E+001, 2.9643100E+001, 2.1002893E+000, 3.2107738E+000, 4.7752379E+000, 6.6041155E+000, 1.3310274E+001, 2.4870301E+001, 5.0000000E-001, 3.5226355E+002, 3.8653657E+002, 4.6752255E+002, 5.1164784E+002, 3.9738691E+002, 2.2374617E+002, 9.7305084E+001, 8.1885718E+001, 7.1464349E+001, 2.3313281E+002, 3.1852592E+002, 5.1538612E+002, 5.7877319E+002, 4.6291237E+002, 2.5646452E+002, 9.0276250E+001, 7.6111576E+001, 6.8266333E+001, 1.1174071E+002, 1.3983114E+002, 2.2263385E+002, 3.5113060E+002, 4.1531976E+002, 3.3728248E+002, 1.3339925E+002, 9.5255724E+001, 6.4112066E+001, 4.9680237E+002, 5.3530749E+002, 6.0504228E+002, 5.8322534E+002, 3.7819687E+002, 1.9931395E+002, 1.0530291E+002, 9.9667669E+001, 9.2448422E+001, 3.7515583E+002, 5.0723273E+002, 6.8773231E+002, 7.1483213E+002, 4.8666014E+002, 2.5664670E+002, 1.1195942E+002, 9.8731280E+001, 8.9335444E+001, 1.8928511E+002, 2.2864939E+002, 3.6541013E+002, 5.6395517E+002, 6.4497750E+002, 4.9429531E+002, 1.9384782E+002, 1.3495348E+002, 8.5416753E+001, 6.6843920E+002, 6.9407938E+002, 7.3907123E+002, 6.4523251E+002, 4.1703441E+002, 2.3943322E+002, 1.3171321E+002, 1.2134574E+002, 1.1036458E+002, 4.9995770E+002, 6.3709215E+002, 8.0426268E+002, 7.8344073E+002, 5.4970586E+002, 3.1911677E+002, 1.4037848E+002, 1.1999334E+002, 1.0572886E+002, 2.5983038E+002, 3.0252997E+002, 4.7726040E+002, 6.6801340E+002, 7.0486757E+002, 5.6318288E+002, 2.3159171E+002, 1.6175310E+002, 1.0124823E+002
 7.7277778E-001, 8.1219302E+000, 1.5474097E+001, 2.7834724E+001, 2.0866586E+000, 3.2460887E+000, 4.8343032E+000, 6.0366726E+000, 1.2229378E+001, 2.3002803E+001, 6.0000000E-001, 3.2777902E+002, 3.6092002E+002, 4.3796118E+002, 4.7403728E+002, 3.9492388E+002, 2.3815509E+002, 1.0114303E+002, 8.1628382E+001, 6.6552917E+001, 2.2403266E+002, 2.9081805E+002, 4.4698128E+002, 5.1832571E+002, 4.5190878E+002, 2.7433255E+002, 9.5488693E+001, 7.4676730E+001, 6.3321220E+001, 1.0491482E+002, 1.2788280E+002, 1.9176647E+002, 3.0490381E+002, 3.6808133E+002, 3.3040514E+002, 1.4862131E+002, 1.0624719E+002, 6.3363419E+001, 4.6030160E+002, 4.9739551E+002, 5.6099274E+002, 5.5733071E+002, 3.8170829E+002, 2.1127768E+002, 1.0013949E+002, 9.2330376E+001, 8.5633309E+001, 3.4900351E+002, 4.6240595E+002, 6.0995175E+002, 6.6454330E+002, 4.8325618E+002, 2.7463019E+002, 1.1284041E+002, 9.4207026E+001, 8.2927856E+001, 1.7806883E+002, 2.0894718E+002, 3.2057329E+002, 4.8610267E+002, 5.9374645E+002, 4.9634701E+002, 2.1256603E+002, 1.5055381E+002, 8.5666574E+001, 6.3636232E+002, 6.6861978E+002, 7.0261580E+002, 6.2354963E+002, 4.2277651E+002, 2.4970484E+002, 1.2681355E+002, 1.1484394E+002, 1.0264256E+002, 4.6162258E+002, 5.8200618E+002, 7.3507657E+002, 7.3869589E+002, 5.4619786E+002, 3.3189033E+002, 1.4672384E+002, 1.1935238E+002, 9.8575313E+001, 2.3370362E+002, 2.6615022E+002, 4.2486081E+002, 5.8900596E+002, 6.5951277E+002, 5.6940169E+002, 2.5984221E+002, 1.7664996E+002, 1.0230686E+002
 8.2296296E-001, 7.5920189E+000, 1.4508910E+001, 2.6115122E+001, 2.0671700E+000, 3.2549462E+000, 4.8504577E+000, 5.5262911E+000, 1.1255894E+001, 2.1267175E+001, 7.0000000E-001, 3.1640289E+002, 3.5028471E+002, 4.2396045E+002, 4.5820328E+002, 3.9196802E+002, 2.4446497E+002, 1.0318168E+002, 8.2343384E+001, 6.4406053E+001, 2.1848417E+002, 2.7719996E+002, 4.2162673E+002, 4.8592066E+002, 4.4204572E+002, 2.7979247E+002, 9.8318150E+001, 7.4993426E+001, 6.1114400E+001, 1.0230595E+002, 1.2217737E+002, 1.8397095E+002, 2.8882430E+002, 3.4732979E+002, 3.2127001E+002, 1.5395529E+002, 1.1139936E+002, 6.3658462E+001, 4.4774609E+002, 4.8483547E+002, 5.4216718E+002, 5.4419564E+002, 3.8134004E+002, 2.1553031E+002, 9.8774425E+001, 8.9266391E+001, 8.2486959E+001, 3.3616820E+002, 4.4118612E+002, 5.7797910E+002, 6.3741557E+002, 4.7908034E+002, 2.8173578E+002, 1.1603059E+002, 9.3382198E+001, 8.0074664E+001, 1.7371714E+002, 2.0034069E+002, 3.0347700E+002, 4.5462312E+002, 5.6669415E+002, 4.8744235E+002, 2.1821888E+002, 1.5660953E+002, 8.6670513E+001, 6.1920998E+002, 6.5411925E+002, 6.8728779E+002, 6.1271246E+002, 4.2411958E+002, 2.5319517E+002, 1.2494022E+002, 1.1202720E+002, 9.9051963E+001, 4.4468109E+002, 5.6065262E+002, 7.0349531E+002, 7.1590724E+002, 5.3945162E+002, 3.3720810E+002, 1.5142596E+002, 1.2154067E+002, 9.5385419E+001, 2.2178141E+002, 2.5377177E+002, 4.0199513E+002, 5.5228242E+002, 6.3069081E+002, 5.6645057E+002, 2.7169836E+002, 1.8440500E+002, 1.0372705E+002
 8.7314815E-001, 7.1228823E+000, 1.3654420E+001, 2.4527484E+001, 2.0550187E+000, 3.2733943E+000, 4.8657989E+000, 5.0691562E+000, 1.0383096E+001, 1.9664163E+001, 8.0000000E-001, 2.8623279E+002, 3.1875889E+002, 3.8224862E+002, 4.1849543E+002, 3.7697074E+002, 2.6043083E+002, 1.0981078E+002, 8.6731751E+001, 6.0361250E+001, 2.0104079E+002, 2.4162080E+002, 3.5739445E+002, 4.0879256E+002, 3.9479548E+002, 2.8527495E+002, 1.1110369E+002, 7.9615094E+001, 5.6042177E+001, 9.4218895E+001, 1.0610328E+002, 1.6105102E+002, 2.4699691E+002, 2.9302418E+002, 2.8809535E+002, 1.6540265E+002, 1.2307580E+002, 6.6664276E+001, 4.1328638E+002, 4.4998225E+002, 5.0111387E+002, 5.0743589E+002, 3.7447024E+002, 2.2354588E+002, 9.8225914E+001, 8.3403669E+001, 7.4442056E+001, 3.0510386E+002, 3.9135381E+002, 5.0329966E+002, 5.6782152E+002, 4.6219742E+002, 2.9886218E+002, 1.3140811E+002, 9.8815598E+001, 7.3980861E+001, 1.6494595E+002, 1.8524265E+002, 2.6043885E+002, 3.8930232E+002, 4.9357687E+002, 4.3258724E+002, 2.2903734E+002, 1.6871763E+002, 9.0862842E+001, 5.7113832E+002, 6.0553140E+002, 6.4056751E+002, 5.7877405E+002, 4.2515904E+002, 2.5955476E+002, 1.2158494E+002, 1.0506244E+002, 8.9727502E+001, 4.0323848E+002, 5.0178463E+002, 6.2872849E+002, 6.4508838E+002, 5.1590513E+002, 3.4740424E+002, 1.6641970E+002, 1.2976639E+002, 9.0459975E+001, 2.0036203E+002, 2.3393130E+002, 3.5774908E+002, 4.7252219E+002, 5.4763131E+002, 5.3763674E+002, 2.9606152E+002, 2.0607047E+002, 1.0797117E+002
 9.2333333E-001, 6.7035147E+000, 1.2874216E+001, 2.3024114E+001, 2.0435734E+000, 3.2775392E+000, 4.8478948E+000, 4.6610778E+000, 9.5987805E+000, 1.8178797E+001, 9.0000000E-001, 2.6921674E+002, 2.9964397E+002, 3.6105300E+002, 3.9388896E+002, 3.6560786E+002, 2.6680765E+002, 1.1379673E+002, 8.9689867E+001, 5.9904788E+001, 1.9211146E+002, 2.3062431E+002, 3.2694383E+002, 3.7261763E+002, 3.5934358E+002, 2.7985375E+002, 1.2139685E+002, 8.7104802E+001, 5.4805399E+001, 9.5590137E+001, 1.0299575E+002, 1.5556113E+002, 2.2602401E+002, 2.6564858E+002, 2.6265892E+002, 1.6790873E+002, 1.2854409E+002, 7.1156518E+001, 3.9417591E+002, 4.2866435E+002, 4.7796805E+002, 4.8281206E+002, 3.6882520E+002, 2.2761344E+002, 1.0024605E+002, 8.2117936E+001, 7.0134172E+001, 2.9597075E+002, 3.6907376E+002, 4.6435509E+002, 5.2761273E+002, 4.4698694E+002, 3.0445310E+002, 1.4213434E+002, 1.0746528E+002, 7.2040474E+001, 1.5894454E+002, 1.8033002E+002, 2.4874342E+002, 3.6333270E+002, 4.4767869E+002, 3.9533858E+002, 2.2980012E+002, 1.7479821E+002, 9.5099063E+001, 5.3953239E+002, 5.7668098E+002, 6.0975213E+002, 5.5573724E+002, 4.2123425E+002, 2.6230539E+002, 1.1973892E+002, 1.0125669E+002, 8.4904668E+001, 3.8565235E+002, 4.6849677E+002, 5.8505800E+002, 5.9897531E+002, 4.9647836E+002, 3.5008082E+002, 1.7757077E+002, 1.3897496E+002, 9.3078444E+001, 1.9403005E+002, 2.2972605E+002, 3.3917294E+002, 4.2607633E+002, 4.9811089E+002, 5.0307261E+002, 3.0309929E+002, 2.1985821E+002, 1.0986120E+002
 9.7351852E-001, 6.3325547E+000, 1.2167032E+001, 2.1640764E+001, 2.0382112E+000, 3.2829286E+000, 4.8276990E+000, 4.2953187E+000, 8.8862522E+000, 1.6815522E+001, 1.0000000E+000, 2.5632309E+002, 2.8380947E+002, 3.4141091E+002, 3.7177993E+002, 3.5383361E+002, 2.6932317E+002, 1.1871956E+002, 9.2094438E+001, 6.0625184E+001, 1.8483482E+002, 2.2147183E+002, 3.0037039E+002, 3.4477476E+002, 3.2823822E+002, 2.6984519E+002, 1.3195250E+002, 9.5625452E+001, 5.6630509E+001, 1.0033792E+002, 1.0891217E+002, 1.5288429E+002, 2.0671461E+002, 2.4055621E+002, 2.3902640E+002, 1.6577991E+002, 1.3005074E+002, 7.4557605E+001, 3.7697345E+002, 4.0898397E+002, 4.5387432E+002, 4.5894243E+002, 3.6311419E+002, 2.3071498E+002, 1.0397042E+002, 8.2934022E+001, 6.6587890E+001, 2.8935301E+002, 3.5231893E+002, 4.3270735E+002, 4.9111631E+002, 4.2959825E+002, 3.0307139E+002, 1.5119710E+002, 1.1780276E+002, 7.1241463E+001, 1.5497345E+002, 1.7370085E+002, 2.3387671E+002, 3.3852274E+002, 4.0447995E+002, 3.6341488E+002, 2.2444405E+002, 1.7570717E+002, 1.0005881E+002, 5.0856593E+002, 5.4949145E+002, 5.7802977E+002, 5.3366931E+002, 4.1550868E+002, 2.6405971E+002, 1.1836437E+002, 9.8567815E+001, 8.0933440E+001, 3.7036939E+002, 4.4019843E+002, 5.4510171E+002, 5.5566319E+002, 4.7447145E+002, 3.5058318E+002, 1.8499515E+002, 1.5040364E+002, 9.6191738E+001, 1.8620678E+002, 2.2288769E+002, 3.2093231E+002, 3.8700848E+002, 4.4731922E+002, 4.6058264E+002, 3.0387646E+002, 2.3119992E+002, 1.1373553E+002
 1.0237037E+000, 6.0030840E+000, 1.1512936E+001, 2.0358385E+001, 2.0378265E+000, 3.2783056E+000, 4.7932998E+000, 3.9663221E+000, 8.2368873E+000, 1.5567571E+001, 1.1000000E+000, 2.4582150E+002, 2.7205482E+002, 3.2391262E+002, 3.5234448E+002, 3.4062142E+002, 2.6891463E+002, 1.2402101E+002, 9.4929181E+001, 6.1610543E+001, 1.7748124E+002, 2.1017460E+002, 2.7927713E+002, 3.2216322E+002, 3.0685676E+002, 2.5843403E+002, 1.4129220E+002, 1.0458344E+002, 6.0812306E+001, 1.0189461E+002, 1.1541185E+002, 1.4900594E+002, 1.9281132E+002, 2.2020348E+002, 2.1882642E+002, 1.5958799E+002, 1.2833957E+002, 7.6672478E+001, 3.6136317E+002, 3.8940879E+002, 4.3357678E+002, 4.3742592E+002, 3.5738744E+002, 2.3357354E+002, 1.0749669E+002, 8.4928834E+001, 6.4279726E+001, 2.8176059E+002, 3.3251780E+002, 4.0601041E+002, 4.5864209E+002, 4.1021583E+002, 2.9885880E+002, 1.5617581E+002, 1.2601366E+002, 7.2229493E+001, 1.5346625E+002, 1.6665976E+002, 2.2493517E+002, 3.1543316E+002, 3.6640127E+002, 3.3354014E+002, 2.1582753E+002, 1.7337510E+002, 1.0333005E+002, 4.8027626E+002, 5.2271764E+002, 5.4951960E+002, 5.1287603E+002, 4.0880301E+002, 2.6469251E+002, 1.1930696E+002, 9.7872846E+001, 7.7497274E+001, 3.5651748E+002, 4.1378019E+002, 5.1094988E+002, 5.1471811E+002, 4.5199177E+002, 3.5010808E+002, 1.9077462E+002, 1.5988835E+002, 1.0022310E+002, 1.7946937E+002, 2.1376437E+002, 2.9786480E+002, 3.5714834E+002, 4.0370993E+002, 4.1942870E+002, 2.9696837E+002, 2.3786150E+002, 1.2217759E+002
 1.0738889E+000, 5.7063378E+000, 1.0919614E+001, 1.9162255E+001, 2.0379644E+000, 3.2757921E+000, 4.7504611E+000, 3.6696461E+000, 7.6460952E+000, 1.4414332E+001, 1.2000000E+000, 2.3676625E+002, 2.6141452E+002, 3.0779400E+002, 3.3684197E+002, 3.2614038E+002, 2.6388008E+002, 1.2967490E+002, 9.8675829E+001, 6.2697335E+001, 1.6963200E+002, 1.9920849E+002, 2.5973133E+002, 3.0108874E+002, 2.9111572E+002, 2.4892268E+002, 1.4740602E+002, 1.1227949E+002, 6.7244883E+001, 1.0097482E+002, 1.1440620E+002, 1.4133848E+002, 1.8331701E+002, 2.0371296E+002, 2.0098888E+002, 1.5401774E+002, 1.2565587E+002, 7.9210169E+001, 3.4668956E+002, 3.7219730E+002, 4.1645363E+002, 4.1965430E+002, 3.5150849E+002, 2.3604799E+002, 1.1038168E+002, 8.6891409E+001, 6.3374530E+001, 2.7030984E+002, 3.1328728E+002, 3.8106253E+002, 4.2768258E+002, 3.9090839E+002, 2.9472178E+002, 1.5884435E+002, 1.3129128E+002, 7.5865004E+001, 1.5748086E+002, 1.6560968E+002, 2.1494471E+002, 2.9441035E+002, 3.2936588E+002, 3.0592808E+002, 2.0834828E+002, 1.7136964E+002, 1.0591417E+002, 4.5400071E+002, 4.9722216E+002, 5.2498521E+002, 4.9235055E+002, 4.0021719E+002, 2.6560366E+002, 1.2300970E+002, 9.8984054E+001, 7.4825815E+001, 3.4461886E+002, 3.9410405E+002, 4.7690044E+002, 4.7744345E+002, 4.2892079E+002, 3.4767390E+002, 1.9666967E+002, 1.6670779E+002, 1.0573418E+002, 1.7674893E+002, 2.0729641E+002, 2.7411864E+002, 3.3100372E+002, 3.7001974E+002, 3.8083323E+002, 2.8510695E+002, 2.3784214E+002, 1.3399567E+002
 1.1240741E+000, 5.4396909E+000, 1.0378337E+001, 1.8050523E+001, 2.0386422E+000, 3.2714833E+000, 4.7000155E+000, 3.4023670E+000, 7.1088026E+000, 1.3353075E+001, 1.3000000E+000, 2.2648950E+002, 2.4906659E+002, 2.9260577E+002, 3.2116399E+002, 3.1067546E+002, 2.5543807E+002, 1.3570954E+002, 1.0375465E+002, 6.4559600E+001, 1.6304484E+002, 1.9015215E+002, 2.4229876E+002, 2.8237013E+002, 2.7796819E+002, 2.3989982E+002, 1.5051494E+002, 1.1838551E+002, 7.3462776E+001, 9.9349480E+001, 1.1188934E+002, 1.3881078E+002, 1.7853448E+002, 1.9212377E+002, 1.8635956E+002, 1.4764093E+002, 1.2306192E+002, 8.0933911E+001, 3.3138623E+002, 3.5788779E+002, 4.0008164E+002, 4.0452370E+002, 3.4406365E+002, 2.3903556E+002, 1.1420040E+002, 9.0493149E+001, 6.2494910E+001, 2.5781024E+002, 2.9762941E+002, 3.5864944E+002, 4.0076181E+002, 3.7172670E+002, 2.8684978E+002, 1.5981864E+002, 1.3370124E+002, 8.2109359E+001, 1.5702931E+002, 1.6171133E+002, 2.0264563E+002, 2.7502993E+002, 2.9782516E+002, 2.8174671E+002, 1.9974508E+002, 1.6918421E+002, 1.0931195E+002, 4.2880687E+002, 4.7075433E+002, 5.0240138E+002, 4.7334244E+002, 3.8967050E+002, 2.6469579E+002, 1.2723230E+002, 1.0153553E+002, 7.3968779E+001, 3.3411583E+002, 3.8077776E+002, 4.4128408E+002, 4.4524302E+002, 4.0741204E+002, 3.4193093E+002, 2.0201675E+002, 1.7034576E+002, 1.1214560E+002, 1.7891460E+002, 1.9958924E+002, 2.5563822E+002, 3.0804564E+002, 3.4293167E+002, 3.4418571E+002, 2.6953660E+002, 2.3334132E+002, 1.4383316E+002
 1.1742593E+000, 5.1942327E+000, 9.8719815E+000, 1.7017394E+001, 2.0345059E+000, 3.2551557E+000, 4.6385675E+000, 3.1611481E+000, 6.6186357E+000, 1.2381211E+001, 1.4000000E+000, 2.1417375E+002, 2.3723776E+002, 2.7915070E+002, 3.0592396E+002, 2.9510060E+002, 2.4753185E+002, 1.4081020E+002, 1.0916749E+002, 6.7684463E+001, 1.5916152E+002, 1.8254401E+002, 2.2721552E+002, 2.6458168E+002, 2.6497783E+002, 2.3223912E+002, 1.5221747E+002, 1.2425153E+002, 7.9559182E+001, 9.8563329E+001, 1.0845044E+002, 1.3465794E+002, 1.7429514E+002, 1.8118604E+002, 1.7516488E+002, 1.3947035E+002, 1.1978185E+002, 8.1988806E+001, 3.1676086E+002, 3.4438477E+002, 3.8538095E+002, 3.9062054E+002, 3.3520579E+002, 2.4237008E+002, 1.1927676E+002, 9.5042944E+001, 6.2556251E+001, 2.4732285E+002, 2.8537391E+002, 3.4096268E+002, 3.7792929E+002, 3.5297644E+002, 2.7891018E+002, 1.6034277E+002, 1.3507913E+002, 8.6970824E+001, 1.5211504E+002, 1.5642614E+002, 1.9219426E+002, 2.5621937E+002, 2.7427238E+002, 2.5961878E+002, 1.9164830E+002, 1.6414226E+002, 1.1098412E+002, 4.0564409E+002, 4.4396743E+002, 4.8058613E+002, 4.5615937E+002, 3.7928968E+002, 2.6127718E+002, 1.3143587E+002, 1.0480113E+002, 7.4459535E+001, 3.2627964E+002, 3.6850811E+002, 4.1235985E+002, 4.1758189E+002, 3.8881670E+002, 3.3286996E+002, 2.0624141E+002, 1.7177532E+002, 1.1632513E+002, 1.8274131E+002, 1.9642158E+002, 2.4117061E+002, 2.8543213E+002, 3.1675027E+002, 3.1299412E+002, 2.5280992E+002, 2.2617678E+002, 1.4775997E+002
 1.2244444E+000, 4.9694373E+000, 9.4091082E+000, 1.6057250E+001, 2.0289217E+000, 3.2388490E+000, 4.5711686E+000, 2.9417933E+000, 6.1720990E+000, 1.1488683E+001, 1.5000000E+000, 2.0288429E+002, 2.2667131E+002, 2.6680861E+002, 2.9206383E+002, 2.8188345E+002, 2.3988163E+002, 1.4332324E+002, 1.1412841E+002, 7.2935384E+001, 1.5595504E+002, 1.7528507E+002, 2.1551777E+002, 2.4795621E+002, 2.5251046E+002, 2.2522152E+002, 1.5234296E+002, 1.2834894E+002, 8.4809611E+001, 9.8699229E+001, 1.0774332E+002, 1.3364258E+002, 1.6737336E+002, 1.7202508E+002, 1.6637508E+002, 1.3305996E+002, 1.1738846E+002, 8.3227224E+001, 3.0285251E+002, 3.3075797E+002, 3.7215211E+002, 3.7693334E+002, 3.2714358E+002, 2.4263231E+002, 1.2601416E+002, 9.9337430E+001, 6.4070042E+001, 2.3700121E+002, 2.7543741E+002, 3.2708269E+002, 3.5819883E+002, 3.3484436E+002, 2.7131378E+002, 1.6042538E+002, 1.3488073E+002, 8.8395638E+001, 1.4706452E+002, 1.5146798E+002, 1.8543066E+002, 2.3841209E+002, 2.5675524E+002, 2.4029344E+002, 1.8393615E+002, 1.5821756E+002, 1.1061593E+002, 3.8710113E+002, 4.2273427E+002, 4.5981152E+002, 4.4014211E+002, 3.6870615E+002, 2.5800328E+002, 1.3580059E+002, 1.0854608E+002, 7.4798049E+001, 3.1628869E+002, 3.5171331E+002, 3.8811225E+002, 3.9428375E+002, 3.7337264E+002, 3.2201839E+002, 2.0933424E+002, 1.7264933E+002, 1.1815327E+002, 1.8527311E+002, 1.9781967E+002, 2.3395813E+002, 2.6909494E+002, 2.9161624E+002, 2.8875044E+002, 2.3767510E+002, 2.1730013E+002, 1.4877208E+002
 1.2746296E+000, 4.7606391E+000, 8.9727224E+000, 1.5160216E+001, 2.0206847E+000, 3.2115981E+000, 4.4997447E+000, 2.7411438E+000, 5.7632291E+000, 1.0663256E+001, 1.6000000E+000, 1.9327346E+002, 2.1779438E+002, 2.5610855E+002, 2.8083661E+002, 2.7056741E+002, 2.3174939E+002, 1.4393354E+002, 1.1713577E+002, 7.9458464E+001, 1.5347663E+002, 1.7149658E+002, 2.0520611E+002, 2.3461223E+002, 2.4060999E+002, 2.1754362E+002, 1.5066877E+002, 1.2827879E+002, 8.8279848E+001, 9.7916997E+001, 1.0736960E+002, 1.3243851E+002, 1.5881412E+002, 1.6488380E+002, 1.5896909E+002, 1.2683042E+002, 1.1460220E+002, 8.5463417E+001, 2.8931909E+002, 3.1719657E+002, 3.5950875E+002, 3.6436459E+002, 3.1887175E+002, 2.4052294E+002, 1.3272437E+002, 1.0518216E+002, 6.8135466E+001, 2.2725398E+002, 2.6214351E+002, 3.1431682E+002, 3.4019015E+002, 3.1765467E+002, 2.6293248E+002, 1.5846368E+002, 1.3349285E+002, 8.8235987E+001, 1.4482332E+002, 1.4824007E+002, 1.8104797E+002, 2.2502332E+002, 2.4248191E+002, 2.2503623E+002, 1.7497516E+002, 1.5054443E+002, 1.0925807E+002, 3.7271958E+002, 4.0550179E+002, 4.3997340E+002, 4.2319944E+002, 3.5748386E+002, 2.5554860E+002, 1.4194659E+002, 1.1351843E+002, 7.5281725E+001, 3.0449190E+002, 3.3391516E+002, 3.6515239E+002, 3.7406371E+002, 3.5848217E+002, 3.1176194E+002, 2.0994657E+002, 1.7373079E+002, 1.2012403E+002, 1.8785056E+002, 2.0091222E+002, 2.3125771E+002, 2.5866788E+002, 2.6812136E+002, 2.6877350E+002, 2.2587180E+002, 2.0675071E+002, 1.4814974E+002
 1.3248148E+000, 4.5595567E+000, 8.5625006E+000, 1.4325439E+001, 2.0031614E+000, 3.1778764E+000, 4.4245818E+000, 2.5575000E+000, 5.3870280E+000, 9.9039116E+000, 1.7000000E+000, 1.8755061E+002, 2.1006758E+002, 2.4682873E+002, 2.7097971E+002, 2.6067599E+002, 2.2455626E+002, 1.4436344E+002, 1.1945304E+002, 8.4545129E+001, 1.4952009E+002, 1.6537519E+002, 1.9684605E+002, 2.2379136E+002, 2.2958085E+002, 2.1011376E+002, 1.4833055E+002, 1.2686057E+002, 9.1119099E+001, 9.7955650E+001, 1.0686357E+002, 1.2974909E+002, 1.5159587E+002, 1.5794537E+002, 1.5221821E+002, 1.2150525E+002, 1.1270461E+002, 8.8165788E+001, 2.7722565E+002, 3.0579579E+002, 3.4706889E+002, 3.5261002E+002, 3.1067541E+002, 2.3831430E+002, 1.3851048E+002, 1.1160668E+002, 7.2924526E+001, 2.1988914E+002, 2.5003202E+002, 3.0130299E+002, 3.2445739E+002, 3.0116973E+002, 2.5502204E+002, 1.5714977E+002, 1.3146395E+002, 8.7590109E+001, 1.4336206E+002, 1.4747367E+002, 1.7859634E+002, 2.1611531E+002, 2.2972072E+002, 2.1336922E+002, 1.6639694E+002, 1.4380588E+002, 1.0789427E+002, 3.5807100E+002, 3.8882896E+002, 4.2078455E+002, 4.0601395E+002, 3.4736896E+002, 2.5395551E+002, 1.4781200E+002, 1.1882313E+002, 7.7070738E+001, 2.9291035E+002, 3.1798711E+002, 3.4418592E+002, 3.5525749E+002, 3.4322145E+002, 3.0218163E+002, 2.0622435E+002, 1.7390152E+002, 1.2326533E+002, 1.8746308E+002, 2.0157586E+002, 2.2898590E+002, 2.4761676E+002, 2.4976403E+002, 2.5086049E+002, 2.1443609E+002, 1.9514339E+002, 1.4599370E+002
 1.3750000E+000, 4.3670585E+000, 8.1799396E+000, 1.3554786E+001, 1.9779175E+000, 3.1418951E+000, 4.3505235E+000, 2.3902540E+000, 5.0406905E+000, 9.2071937E+000, 1.8000000E+000, 1.8580638E+002, 2.0737508E+002, 2.4219570E+002, 2.6588292E+002, 2.5624417E+002, 2.2177515E+002, 1.4435006E+002, 1.2035802E+002, 8.6536692E+001, 1.4725868E+002, 1.6144901E+002, 1.9307051E+002, 2.1886710E+002, 2.2453061E+002, 2.0686999E+002, 1.4672578E+002, 1.2623879E+002, 9.2100207E+001, 9.8625422E+001, 1.0721848E+002, 1.2842856E+002, 1.4887725E+002, 1.5473732E+002, 1.4874300E+002, 1.1931936E+002, 1.1131447E+002, 8.9331665E+001, 2.7255648E+002, 3.0043339E+002, 3.4033167E+002, 3.4685557E+002, 3.0674588E+002, 2.3697290E+002, 1.4074178E+002, 1.1466963E+002, 7.5574680E+001, 2.1628198E+002, 2.4469420E+002, 2.9467920E+002, 3.1733551E+002, 2.9328075E+002, 2.5169058E+002, 1.5666121E+002, 1.2991135E+002, 8.7532614E+001, 1.4246152E+002, 1.4704965E+002, 1.7692763E+002, 2.1127177E+002, 2.2397649E+002, 2.0840329E+002, 1.6270140E+002, 1.4103341E+002, 1.0632829E+002, 3.5079032E+002, 3.8045393E+002, 4.1174476E+002, 3.9770107E+002, 3.4240183E+002, 2.5352758E+002, 1.5046916E+002, 1.2182783E+002, 7.8431343E+001, 2.8699689E+002, 3.1071926E+002, 3.3593331E+002, 3.4680957E+002, 3.3531332E+002, 2.9745224E+002, 2.0410437E+002, 1.7356209E+002, 1.2503280E+002, 1.8632273E+002, 1.9957346E+002, 2.2677760E+002, 2.4216871E+002, 2.4197299E+002, 2.4297858E+002, 2.0861029E+002, 1.9006932E+002, 1.4412180E+002
 1.4251852E+000, 4.1780325E+000, 7.8228597E+000, 1.2843204E+001, 1.9408925E+000, 3.1042825E+000, 4.2753337E+000, 2.2383717E+000, 4.7212127E+000, 8.5712660E+000, 1.9000000E+000, 1.8166379E+002, 1.9908668E+002, 2.2782678E+002, 2.5031929E+002, 2.4415834E+002, 2.1384616E+002, 1.4299900E+002, 1.2154608E+002, 8.9981370E+001, 1.4134763E+002, 1.5302732E+002, 1.8456217E+002, 2.0481587E+002, 2.0928614E+002, 1.9683569E+002, 1.4096481E+002, 1.2346987E+002, 9.4713216E+001, 9.9322309E+001, 1.0805732E+002, 1.2604522E+002, 1.4129268E+002, 1.4682755E+002, 1.4035294E+002, 1.1385071E+002, 1.0712005E+002, 9.0028303E+001, 2.5859962E+002, 2.8180567E+002, 3.1964389E+002, 3.2939006E+002, 2.9281953E+002, 2.3293000E+002, 1.4552346E+002, 1.2160903E+002, 8.2271302E+001, 2.0761458E+002, 2.3395162E+002, 2.7743769E+002, 2.9570328E+002, 2.7404875E+002, 2.4015614E+002, 1.5644538E+002, 1.2868531E+002, 9.0272325E+001, 1.4194098E+002, 1.4762779E+002, 1.7205024E+002, 1.9591698E+002, 2.0711520E+002, 1.9628474E+002, 1.5423263E+002, 1.3329852E+002, 1.0208182E+002, 3.3132925E+002, 3.5809795E+002, 3.8570941E+002, 3.7411823E+002, 3.2864410E+002, 2.5346444E+002, 1.5573841E+002, 1.3194054E+002, 8.4633468E+001, 2.7024928E+002, 2.9154150E+002, 3.1966518E+002, 3.2822090E+002, 3.1180215E+002, 2.8492028E+002, 1.9986107E+002, 1.7183168E+002, 1.2630948E+002, 1.8421627E+002, 1.9393261E+002, 2.1715896E+002, 2.2341663E+002, 2.2215625E+002, 2.2245069E+002, 1.9102439E+002, 1.7585083E+002, 1.3522749E+002
 1.4753704E+000, 4.0016540E+000, 7.4881598E+000, 1.2214181E+001, 1.9030615E+000, 3.0654443E+000, 4.2206196E+000, 2.1000215E+000, 4.4253127E+000, 7.9969477E+000, 2.0000000E+000, 1.7833407E+002, 1.9391949E+002, 2.1879166E+002, 2.3942687E+002, 2.3589301E+002, 2.0789496E+002, 1.4141021E+002, 1.2085771E+002, 9.1045601E+001, 1.3911444E+002, 1.5086602E+002, 1.7965002E+002, 1.9796400E+002, 2.0079374E+002, 1.8918602E+002, 1.3851623E+002, 1.2235112E+002, 9.5845540E+001, 9.9413843E+001, 1.0735470E+002, 1.2468908E+002, 1.3594820E+002, 1.4225219E+002, 1.3734975E+002, 1.1162752E+002, 1.0412260E+002, 8.8561815E+001, 2.4699496E+002, 2.6871993E+002, 3.0603768E+002, 3.1800439E+002, 2.8365984E+002, 2.3013174E+002, 1.4836054E+002, 1.2461926E+002, 8.6085716E+001, 2.0272671E+002, 2.2900616E+002, 2.6790127E+002, 2.8143658E+002, 2.6486411E+002, 2.3145570E+002, 1.5584519E+002, 1.2974773E+002, 9.2998467E+001, 1.4044333E+002, 1.4667551E+002, 1.6569267E+002, 1.8839328E+002, 1.9724209E+002, 1.8783433E+002, 1.4863320E+002, 1.2811642E+002, 9.9992203E+001, 3.1912449E+002, 3.4393116E+002, 3.6857381E+002, 3.6067145E+002, 3.2050182E+002, 2.5380365E+002, 1.5829336E+002, 1.3683657E+002, 9.0198396E+001, 2.6060707E+002, 2.8141386E+002, 3.1050159E+002, 3.1810752E+002, 2.9944022E+002, 2.7676512E+002, 1.9763270E+002, 1.7161636E+002, 1.2554784E+002, 1.8224155E+002, 1.9241349E+002, 2.1119579E+002, 2.1221363E+002, 2.1287818E+002, 2.1088012E+002, 1.8019298E+002, 1.6667334E+002, 1.3056527E+002
 1.5255556E+000, 3.8330174E+000, 7.1709378E+000, 1.1643376E+001, 1.8603702E+000, 3.0221656E+000, 4.1706194E+000, 1.9741033E+000, 4.1513654E+000, 7.4758643E+000, 2.1000000E+000, 1.7437444E+002, 1.8852742E+002, 2.1046486E+002, 2.2896301E+002, 2.2682592E+002, 2.0142129E+002, 1.3977994E+002, 1.1971259E+002, 9.2744165E+001, 1.3785574E+002, 1.4885304E+002, 1.7460853E+002, 1.9263703E+002, 1.9281285E+002, 1.8124726E+002, 1.3752950E+002, 1.2144894E+002, 9.6608978E+001, 9.9150501E+001, 1.0653096E+002, 1.2178989E+002, 1.3301242E+002, 1.3955274E+002, 1.3452670E+002, 1.0989480E+002, 1.0159012E+002, 8.6921298E+001, 2.3627685E+002, 2.5777669E+002, 2.9354971E+002, 3.0690471E+002, 2.7510829E+002, 2.2757153E+002, 1.4972917E+002, 1.2614341E+002, 8.9013343E+001, 1.9850493E+002, 2.2436019E+002, 2.5885397E+002, 2.6879251E+002, 2.5656104E+002, 2.2413294E+002, 1.5548463E+002, 1.3048706E+002, 9.4954281E+001, 1.3823578E+002, 1.4415276E+002, 1.6130085E+002, 1.8125974E+002, 1.8924863E+002, 1.7926026E+002, 1.4319625E+002, 1.2378381E+002, 9.7354498E+001, 3.0852067E+002, 3.3039841E+002, 3.5252075E+002, 3.4819676E+002, 3.1191715E+002, 2.5309007E+002, 1.6109272E+002, 1.4054215E+002, 9.5371295E+001, 2.5298170E+002, 2.7326433E+002, 3.0092766E+002, 3.0882835E+002, 2.8950294E+002, 2.6825449E+002, 1.9546503E+002, 1.7096725E+002, 1.2573068E+002, 1.7823319E+002, 1.8700800E+002, 2.0595571E+002, 2.0478265E+002, 2.0405228E+002, 2.0072000E+002, 1.7028119E+002, 1.5946748E+002, 1.2769696E+002
 1.5757407E+000, 3.6791507E+000, 6.8793546E+000, 1.1127299E+001, 1.8211082E+000, 2.9829014E+000, 4.1322753E+000, 1.8596357E+000, 3.8990964E+000, 6.9976001E+000, 2.2000000E+000, 1.6848635E+002, 1.8135254E+002, 2.0202122E+002, 2.1931780E+002, 2.1796555E+002, 1.9484088E+002, 1.3815458E+002, 1.1903243E+002, 9.4441045E+001, 1.3668852E+002, 1.4742568E+002, 1.7009901E+002, 1.8732950E+002, 1.8605910E+002, 1.7356616E+002, 1.3644872E+002, 1.2083441E+002, 9.8103021E+001, 9.7814162E+001, 1.0346928E+002, 1.1757613E+002, 1.3245094E+002, 1.3566509E+002, 1.3064882E+002, 1.0901229E+002, 1.0051928E+002, 8.4498145E+001, 2.2694955E+002, 2.4877517E+002, 2.8295412E+002, 2.9511026E+002, 2.6720665E+002, 2.2422626E+002, 1.4972790E+002, 1.2805558E+002, 9.1677633E+001, 1.9549014E+002, 2.1929396E+002, 2.5023205E+002, 2.5887954E+002, 2.4745134E+002, 2.1905326E+002, 1.5530547E+002, 1.3164754E+002, 9.6228833E+001, 1.3505310E+002, 1.4056646E+002, 1.5769371E+002, 1.7466076E+002, 1.8240577E+002, 1.7170533E+002, 1.3798116E+002, 1.2069135E+002, 9.5016337E+001, 2.9826149E+002, 3.1761785E+002, 3.3895296E+002, 3.3696751E+002, 3.0275388E+002, 2.5002259E+002, 1.6479813E+002, 1.4258171E+002, 9.8677293E+001, 2.4767047E+002, 2.6571688E+002, 2.9207167E+002, 2.9907933E+002, 2.8046402E+002, 2.6024591E+002, 1.9189743E+002, 1.6967203E+002, 1.2571513E+002, 1.7513180E+002, 1.8066773E+002, 1.9916699E+002, 1.9793610E+002, 1.9603545E+002, 1.9197445E+002, 1.6265606E+002, 1.5224813E+002, 1.2441541E+002
 1.6259259E+000, 3.5406578E+000, 6.6068666E+000, 1.0624578E+001, 1.7876900E+000, 2.9443213E+000, 4.0761267E+000, 1.7547719E+000, 3.6653040E+000, 6.5507619E+000, 2.3000000E+000, 1.6547866E+002, 1.7738033E+002, 1.9757042E+002, 2.1433939E+002, 2.1383849E+002, 1.9165066E+002, 1.3753891E+002, 1.1907137E+002, 9.5274603E+001, 1.3622822E+002, 1.4689880E+002, 1.6816764E+002, 1.8448801E+002, 1.8309590E+002, 1.6986610E+002, 1.3538433E+002, 1.2051507E+002, 9.8593986E+001, 9.6808012E+001, 1.0209557E+002, 1.1624259E+002, 1.3150573E+002, 1.3404419E+002, 1.2824468E+002, 1.0866853E+002, 1.0051314E+002, 8.3589632E+001, 2.2214596E+002, 2.4451960E+002, 2.7822096E+002, 2.8922604E+002, 2.6343104E+002, 2.2225124E+002, 1.5009899E+002, 1.2867308E+002, 9.2585610E+001, 1.9380474E+002, 2.1647612E+002, 2.4570153E+002, 2.5479500E+002, 2.4288574E+002, 2.1675674E+002, 1.5495218E+002, 1.3236647E+002, 9.6786387E+001, 1.3402782E+002, 1.3958706E+002, 1.5639440E+002, 1.7209778E+002, 1.7919921E+002, 1.6864272E+002, 1.3578812E+002, 1.1934387E+002, 9.4158190E+001, 2.9295479E+002, 3.1186201E+002, 3.3248126E+002, 3.3130612E+002, 2.9881519E+002, 2.4732326E+002, 1.6636953E+002, 1.4304968E+002, 9.9878195E+001, 2.4474459E+002, 2.6216603E+002, 2.8800172E+002, 2.9416087E+002, 2.7630798E+002, 2.5631157E+002, 1.8983802E+002, 1.6851218E+002, 1.2568372E+002, 1.7333518E+002, 1.7833333E+002, 1.9583557E+002, 1.9486838E+002, 1.9249943E+002, 1.8829798E+002, 1.5965768E+002, 1.4910668E+002, 1.2330563E+002
 1.6761111E+000, 3.4170970E+000, 6.3528533E+000, 1.0154208E+001, 1.7624797E+000, 2.9059285E+000, 4.0238310E+000, 1.6561484E+000, 3.4496123E+000, 6.1323637E+000, 2.4000000E+000, 1.5652729E+002, 1.6648815E+002, 1.8430721E+002, 2.0044663E+002, 2.0344149E+002, 1.8294473E+002, 1.3565564E+002, 1.2007734E+002, 9.5681113E+001, 1.3387912E+002, 1.4299480E+002, 1.6220958E+002, 1.7615329E+002, 1.7304113E+002, 1.5990300E+002, 1.3148455E+002, 1.1904991E+002, 9.8400282E+001, 9.5695647E+001, 1.0052162E+002, 1.1428693E+002, 1.2591638E+002, 1.2920712E+002, 1.2228143E+002, 1.0630967E+002, 9.9408595E+001, 8.4497483E+001, 2.1215338E+002, 2.3323399E+002, 2.6586315E+002, 2.7204167E+002, 2.5170727E+002, 2.1504064E+002, 1.5154869E+002, 1.3081981E+002, 9.5750084E+001, 1.8991399E+002, 2.0914706E+002, 2.3433661E+002, 2.4311549E+002, 2.3078868E+002, 2.1060559E+002, 1.5266632E+002, 1.3237840E+002, 9.8737593E+001, 1.3249044E+002, 1.3937175E+002, 1.5273100E+002, 1.6677617E+002, 1.7154675E+002, 1.6157947E+002, 1.3091834E+002, 1.1674236E+002, 9.1431283E+001, 2.7694734E+002, 2.9610144E+002, 3.1665774E+002, 3.1391621E+002, 2.8803654E+002, 2.3996608E+002, 1.6789328E+002, 1.4308780E+002, 1.0437526E+002, 2.3749493E+002, 2.5313895E+002, 2.7645683E+002, 2.7925414E+002, 2.6722363E+002, 2.4495801E+002, 1.8287131E+002, 1.6309465E+002, 1.2397112E+002, 1.6938807E+002, 1.7441253E+002, 1.8709092E+002, 1.8849517E+002, 1.8518264E+002, 1.8105385E+002, 1.5013402E+002, 1.3932760E+002, 1.1933055E+002
 1.7262963E+000, 3.3151287E+000, 6.1280850E+000, 9.7143159E+000, 1.7487242E+000, 2.8803716E+000, 3.9609205E+000, 1.5677407E+000, 3.2501893E+000, 5.7552921E+000, 2.5000000E+000, 1.5177486E+002, 1.6150285E+002, 1.7732104E+002, 1.9374976E+002, 1.9802560E+002, 1.7902698E+002, 1.3448110E+002, 1.2064724E+002, 9.5243167E+001, 1.3166653E+002, 1.3983727E+002, 1.5708633E+002, 1.7017872E+002, 1.6673264E+002, 1.5473027E+002, 1.2868543E+002, 1.1727890E+002, 9.7973022E+001, 9.5221088E+001, 1.0003526E+002, 1.1206965E+002, 1.2266947E+002, 1.2560957E+002, 1.1863666E+002, 1.0584548E+002, 9.8856032E+001, 8.5029092E+001, 2.0716942E+002, 2.2695959E+002, 2.5840316E+002, 2.6154765E+002, 2.4376868E+002, 2.1077174E+002, 1.5226278E+002, 1.3224066E+002, 9.7700175E+001, 1.8721376E+002, 2.0383243E+002, 2.2857717E+002, 2.3549744E+002, 2.2435976E+002, 2.0495398E+002, 1.5042496E+002, 1.3132530E+002, 9.9287035E+001, 1.3069599E+002, 1.3807407E+002, 1.5231984E+002, 1.6322930E+002, 1.6742486E+002, 1.5865931E+002, 1.2717301E+002, 1.1566003E+002, 9.0798425E+001, 2.6694436E+002, 2.8591488E+002, 3.0673394E+002, 3.0401163E+002, 2.8097745E+002, 2.3675195E+002, 1.6626084E+002, 1.4356210E+002, 1.0888107E+002, 2.3202886E+002, 2.4658361E+002, 2.6734644E+002, 2.6954660E+002, 2.6180592E+002, 2.3807856E+002, 1.7778905E+002, 1.5913183E+002, 1.2208616E+002, 1.6615791E+002, 1.7210589E+002, 1.8331776E+002, 1.8343241E+002, 1.8101338E+002, 1.7803125E+002, 1.4377771E+002, 1.3498376E+002, 1.1596357E+002
 1.7764815E+000, 3.2242110E+000, 5.9250067E+000, 9.3055060E+000, 1.7386422E+000, 2.8616036E+000, 3.9017045E+000, 1.4868473E+000, 3.0657419E+000, 5.4056831E+000, 2.6000000E+000, 1.4859463E+002, 1.5730552E+002, 1.7133079E+002, 1.8714386E+002, 1.9265661E+002, 1.7567592E+002, 1.3323525E+002, 1.2089263E+002, 9.4950989E+001, 1.3035844E+002, 1.3688940E+002, 1.5180565E+002, 1.6421642E+002, 1.6141443E+002, 1.4999627E+002, 1.2569956E+002, 1.1538814E+002, 9.8022245E+001, 9.6196793E+001, 1.0042565E+002, 1.0994289E+002, 1.2036420E+002, 1.2287624E+002, 1.1604368E+002, 1.0537659E+002, 9.8979362E+001, 8.3645581E+001, 2.0324873E+002, 2.2154305E+002, 2.5015119E+002, 2.5221727E+002, 2.3520099E+002, 2.0684676E+002, 1.5167619E+002, 1.3265144E+002, 9.9580427E+001, 1.8339807E+002, 1.9816648E+002, 2.2206320E+002, 2.2856267E+002, 2.1866882E+002, 1.9888021E+002, 1.4843124E+002, 1.3088005E+002, 9.8847672E+001, 1.3003768E+002, 1.3629845E+002, 1.5133306E+002, 1.5991809E+002, 1.6300561E+002, 1.5623186E+002, 1.2429308E+002, 1.1432359E+002, 9.0063204E+001, 2.5765645E+002, 2.7557234E+002, 2.9635330E+002, 2.9567384E+002, 2.7403711E+002, 2.3450400E+002, 1.6463108E+002, 1.4476196E+002, 1.1321390E+002, 2.2614809E+002, 2.3933913E+002, 2.5781007E+002, 2.6165457E+002, 2.5438442E+002, 2.3148437E+002, 1.7394379E+002, 1.5619462E+002, 1.1993125E+002, 1.6464244E+002, 1.7098516E+002, 1.8108391E+002, 1.7911344E+002, 1.7754694E+002, 1.7427696E+002, 1.4048897E+002, 1.3218833E+002, 1.1265960E+002
 1.8266667E+000, 3.1417052E+000, 5.7303938E+000, 8.9222683E+000, 1.7303135E+000, 2.8381839E+000, 3.8446448E+000, 1.4124222E+000, 2.8942924E+000, 5.0796008E+000,NaN,NaN,NaN,NaN,NaN,NaN,NaN,NaN,NaN,NaN,NaN,NaN,NaN,NaN,NaN,NaN,NaN,NaN,NaN,NaN,NaN,NaN,NaN,NaN,NaN,NaN,NaN,NaN,NaN,NaN,NaN,NaN,NaN,NaN,NaN,NaN,NaN,NaN,NaN,NaN,NaN,NaN,NaN,NaN,NaN,NaN,NaN,NaN,NaN,NaN,NaN,NaN,NaN,NaN,NaN,NaN,NaN,NaN,NaN,NaN,NaN,NaN,NaN,NaN,NaN,NaN,NaN,NaN,NaN,NaN,NaN,NaN,NaN,NaN,NaN,NaN,NaN,NaN,NaN,NaN,NaN,NaN
 1.8768519E+000, 3.0672224E+000, 5.5397815E+000, 8.5709996E+000, 1.7249397E+000, 2.8077283E+000, 3.7970621E+000, 1.3433027E+000, 2.7337951E+000, 4.7753402E+000,NaN,NaN,NaN,NaN,NaN,NaN,NaN,NaN,NaN,NaN,NaN,NaN,NaN,NaN,NaN,NaN,NaN,NaN,NaN,NaN,NaN,NaN,NaN,NaN,NaN,NaN,NaN,NaN,NaN,NaN,NaN,NaN,NaN,NaN,NaN,NaN,NaN,NaN,NaN,NaN,NaN,NaN,NaN,NaN,NaN,NaN,NaN,NaN,NaN,NaN,NaN,NaN,NaN,NaN,NaN,NaN,NaN,NaN,NaN,NaN,NaN,NaN,NaN,NaN,NaN,NaN,NaN,NaN,NaN,NaN,NaN,NaN,NaN,NaN,NaN,NaN,NaN,NaN,NaN,NaN,NaN,NaN
 1.9270370E+000, 2.9938433E+000, 5.3541047E+000, 8.2372944E+000, 1.7160431E+000, 2.7717757E+000, 3.7455020E+000, 1.2787108E+000, 2.5840275E+000, 4.4933673E+000,NaN,NaN,NaN,NaN,NaN,NaN,NaN,NaN,NaN,NaN,NaN,NaN,NaN,NaN,NaN,NaN,NaN,NaN,NaN,NaN,NaN,NaN,NaN,NaN,NaN,NaN,NaN,NaN,NaN,NaN,NaN,NaN,NaN,NaN,NaN,NaN,NaN,NaN,NaN,NaN,NaN,NaN,NaN,NaN,NaN,NaN,NaN,NaN,NaN,NaN,NaN,NaN,NaN,NaN,NaN,NaN,NaN,NaN,NaN,NaN,NaN,NaN,NaN,NaN,NaN,NaN,NaN,NaN,NaN,NaN,NaN,NaN,NaN,NaN,NaN,NaN,NaN,NaN,NaN,NaN,NaN,NaN
 1.9772222E+000, 2.9255608E+000, 5.1668925E+000, 7.9271922E+000, 1.7086261E+000, 2.7245741E+000, 3.6969731E+000, 1.2179914E+000, 2.4439319E+000, 4.2316797E+000,NaN,NaN,NaN,NaN,NaN,NaN,NaN,NaN,NaN,NaN,NaN,NaN,NaN,NaN,NaN,NaN,NaN,NaN,NaN,NaN,NaN,NaN,NaN,NaN,NaN,NaN,NaN,NaN,NaN,NaN,NaN,NaN,NaN,NaN,NaN,NaN,NaN,NaN,NaN,NaN,NaN,NaN,NaN,NaN,NaN,NaN,NaN,NaN,NaN,NaN,NaN,NaN,NaN,NaN,NaN,NaN,NaN,NaN,NaN,NaN,NaN,NaN,NaN,NaN,NaN,NaN,NaN,NaN,NaN,NaN,NaN,NaN,NaN,NaN,NaN,NaN,NaN,NaN,NaN,NaN,NaN,NaN
 2.0274074E+000, 2.8628471E+000, 4.9795526E+000, 7.6356728E+000, 1.7028422E+000, 2.6677405E+000, 3.6477227E+000, 1.1610467E+000, 2.3133836E+000, 3.9895364E+000,NaN,NaN,NaN,NaN,NaN,NaN,NaN,NaN,NaN,NaN,NaN,NaN,NaN,NaN,NaN,NaN,NaN,NaN,NaN,NaN,NaN,NaN,NaN,NaN,NaN,NaN,NaN,NaN,NaN,NaN,NaN,NaN,NaN,NaN,NaN,NaN,NaN,NaN,NaN,NaN,NaN,NaN,NaN,NaN,NaN,NaN,NaN,NaN,NaN,NaN,NaN,NaN,NaN,NaN,NaN,NaN,NaN,NaN,NaN,NaN,NaN,NaN,NaN,NaN,NaN,NaN,NaN,NaN,NaN,NaN,NaN,NaN,NaN,NaN,NaN,NaN,NaN,NaN,NaN,NaN,NaN,NaN
 2.0775926E+000, 2.8051225E+000, 4.8107805E+000, 7.3650891E+000, 1.6986143E+000, 2.6201311E+000, 3.6013028E+000, 1.1074995E+000, 2.1923247E+000, 3.7656185E+000,NaN,NaN,NaN,NaN,NaN,NaN,NaN,NaN,NaN,NaN,NaN,NaN,NaN,NaN,NaN,NaN,NaN,NaN,NaN,NaN,NaN,NaN,NaN,NaN,NaN,NaN,NaN,NaN,NaN,NaN,NaN,NaN,NaN,NaN,NaN,NaN,NaN,NaN,NaN,NaN,NaN,NaN,NaN,NaN,NaN,NaN,NaN,NaN,NaN,NaN,NaN,NaN,NaN,NaN,NaN,NaN,NaN,NaN,NaN,NaN,NaN,NaN,NaN,NaN,NaN,NaN,NaN,NaN,NaN,NaN,NaN,NaN,NaN,NaN,NaN,NaN,NaN,NaN,NaN,NaN,NaN,NaN
 2.1277778E+000, 2.7405821E+000, 4.6421798E+000, 7.1015144E+000, 1.6844488E+000, 2.5638376E+000, 3.5470105E+000, 1.0570771E+000, 2.0800935E+000, 3.5569739E+000,NaN,NaN,NaN,NaN,NaN,NaN,NaN,NaN,NaN,NaN,NaN,NaN,NaN,NaN,NaN,NaN,NaN,NaN,NaN,NaN,NaN,NaN,NaN,NaN,NaN,NaN,NaN,NaN,NaN,NaN,NaN,NaN,NaN,NaN,NaN,NaN,NaN,NaN,NaN,NaN,NaN,NaN,NaN,NaN,NaN,NaN,NaN,NaN,NaN,NaN,NaN,NaN,NaN,NaN,NaN,NaN,NaN,NaN,NaN,NaN,NaN,NaN,NaN,NaN,NaN,NaN,NaN,NaN,NaN,NaN,NaN,NaN,NaN,NaN,NaN,NaN,NaN,NaN,NaN,NaN,NaN,NaN
 2.1779630E+000, 2.6834276E+000, 4.4964077E+000, 6.8712281E+000, 1.6751134E+000, 2.5233478E+000, 3.5105296E+000, 1.0091364E+000, 1.9749192E+000, 3.3629916E+000,NaN,NaN,NaN,NaN,NaN,NaN,NaN,NaN,NaN,NaN,NaN,NaN,NaN,NaN,NaN,NaN,NaN,NaN,NaN,NaN,NaN,NaN,NaN,NaN,NaN,NaN,NaN,NaN,NaN,NaN,NaN,NaN,NaN,NaN,NaN,NaN,NaN,NaN,NaN,NaN,NaN,NaN,NaN,NaN,NaN,NaN,NaN,NaN,NaN,NaN,NaN,NaN,NaN,NaN,NaN,NaN,NaN,NaN,NaN,NaN,NaN,NaN,NaN,NaN,NaN,NaN,NaN,NaN,NaN,NaN,NaN,NaN,NaN,NaN,NaN,NaN,NaN,NaN,NaN,NaN,NaN,NaN
 2.2281481E+000, 2.6136820E+000, 4.3518994E+000, 6.6402289E+000, 1.6509684E+000, 2.4770182E+000, 3.4595972E+000, 9.6355559E-001, 1.8767038E+000, 3.1829812E+000,NaN,NaN,NaN,NaN,NaN,NaN,NaN,NaN,NaN,NaN,NaN,NaN,NaN,NaN,NaN,NaN,NaN,NaN,NaN,NaN,NaN,NaN,NaN,NaN,NaN,NaN,NaN,NaN,NaN,NaN,NaN,NaN,NaN,NaN,NaN,NaN,NaN,NaN,NaN,NaN,NaN,NaN,NaN,NaN,NaN,NaN,NaN,NaN,NaN,NaN,NaN,NaN,NaN,NaN,NaN,NaN,NaN,NaN,NaN,NaN,NaN,NaN,NaN,NaN,NaN,NaN,NaN,NaN,NaN,NaN,NaN,NaN,NaN,NaN,NaN,NaN,NaN,NaN,NaN,NaN,NaN,NaN
 2.2783333E+000, 2.5509885E+000, 4.2236226E+000, 6.4393373E+000, 1.6313385E+000, 2.4411684E+000, 3.4269833E+000, 9.2029734E-001, 1.7842499E+000, 3.0146123E+000,NaN,NaN,NaN,NaN,NaN,NaN,NaN,NaN,NaN,NaN,NaN,NaN,NaN,NaN,NaN,NaN,NaN,NaN,NaN,NaN,NaN,NaN,NaN,NaN,NaN,NaN,NaN,NaN,NaN,NaN,NaN,NaN,NaN,NaN,NaN,NaN,NaN,NaN,NaN,NaN,NaN,NaN,NaN,NaN,NaN,NaN,NaN,NaN,NaN,NaN,NaN,NaN,NaN,NaN,NaN,NaN,NaN,NaN,NaN,NaN,NaN,NaN,NaN,NaN,NaN,NaN,NaN,NaN,NaN,NaN,NaN,NaN,NaN,NaN,NaN,NaN,NaN,NaN,NaN,NaN,NaN,NaN
 2.3285185E+000, 2.4757388E+000, 4.0892938E+000, 6.2240280E+000, 1.5973457E+000, 2.3927480E+000, 3.3701034E+000, 8.7907773E-001, 1.6985703E+000, 2.8561445E+000,NaN,NaN,NaN,NaN,NaN,NaN,NaN,NaN,NaN,NaN,NaN,NaN,NaN,NaN,NaN,NaN,NaN,NaN,NaN,NaN,NaN,NaN,NaN,NaN,NaN,NaN,NaN,NaN,NaN,NaN,NaN,NaN,NaN,NaN,NaN,NaN,NaN,NaN,NaN,NaN,NaN,NaN,NaN,NaN,NaN,NaN,NaN,NaN,NaN,NaN,NaN,NaN,NaN,NaN,NaN,NaN,NaN,NaN,NaN,NaN,NaN,NaN,NaN,NaN,NaN,NaN,NaN,NaN,NaN,NaN,NaN,NaN,NaN,NaN,NaN,NaN,NaN,NaN,NaN,NaN,NaN,NaN
 2.3787037E+000, 2.4076116E+000, 3.9748426E+000, 6.0352778E+000, 1.5683990E+000, 2.3581018E+000, 3.3297889E+000, 8.4005170E-001, 1.6186635E+000, 2.7075217E+000,NaN,NaN,NaN,NaN,NaN,NaN,NaN,NaN,NaN,NaN,NaN,NaN,NaN,NaN,NaN,NaN,NaN,NaN,NaN,NaN,NaN,NaN,NaN,NaN,NaN,NaN,NaN,NaN,NaN,NaN,NaN,NaN,NaN,NaN,NaN,NaN,NaN,NaN,NaN,NaN,NaN,NaN,NaN,NaN,NaN,NaN,NaN,NaN,NaN,NaN,NaN,NaN,NaN,NaN,NaN,NaN,NaN,NaN,NaN,NaN,NaN,NaN,NaN,NaN,NaN,NaN,NaN,NaN,NaN,NaN,NaN,NaN,NaN,NaN,NaN,NaN,NaN,NaN,NaN,NaN,NaN,NaN
 2.4288889E+000, 2.3357164E+000, 3.8664044E+000, 5.8233830E+000, 1.5334561E+000, 2.3243074E+000, 3.2570814E+000, 8.0312363E-001, 1.5440722E+000, 2.5685574E+000,NaN,NaN,NaN,NaN,NaN,NaN,NaN,NaN,NaN,NaN,NaN,NaN,NaN,NaN,NaN,NaN,NaN,NaN,NaN,NaN,NaN,NaN,NaN,NaN,NaN,NaN,NaN,NaN,NaN,NaN,NaN,NaN,NaN,NaN,NaN,NaN,NaN,NaN,NaN,NaN,NaN,NaN,NaN,NaN,NaN,NaN,NaN,NaN,NaN,NaN,NaN,NaN,NaN,NaN,NaN,NaN,NaN,NaN,NaN,NaN,NaN,NaN,NaN,NaN,NaN,NaN,NaN,NaN,NaN,NaN,NaN,NaN,NaN,NaN,NaN,NaN,NaN,NaN,NaN,NaN,NaN,NaN
 2.4790741E+000, 2.2753349E+000, 3.7653181E+000, 5.6411302E+000, 1.5082579E+000, 2.2939944E+000, 3.2060382E+000, 7.6800805E-001, 1.4731660E+000, 2.4373037E+000,NaN,NaN,NaN,NaN,NaN,NaN,NaN,NaN,NaN,NaN,NaN,NaN,NaN,NaN,NaN,NaN,NaN,NaN,NaN,NaN,NaN,NaN,NaN,NaN,NaN,NaN,NaN,NaN,NaN,NaN,NaN,NaN,NaN,NaN,NaN,NaN,NaN,NaN,NaN,NaN,NaN,NaN,NaN,NaN,NaN,NaN,NaN,NaN,NaN,NaN,NaN,NaN,NaN,NaN,NaN,NaN,NaN,NaN,NaN,NaN,NaN,NaN,NaN,NaN,NaN,NaN,NaN,NaN,NaN,NaN,NaN,NaN,NaN,NaN,NaN,NaN,NaN,NaN,NaN,NaN,NaN,NaN
 2.5292593E+000, 2.2121699E+000, 3.6741917E+000, 5.4410345E+000, 1.4783361E+000, 2.2702092E+000, 3.1306675E+000, 7.3466460E-001, 1.4056856E+000, 2.3126826E+000,NaN,NaN,NaN,NaN,NaN,NaN,NaN,NaN,NaN,NaN,NaN,NaN,NaN,NaN,NaN,NaN,NaN,NaN,NaN,NaN,NaN,NaN,NaN,NaN,NaN,NaN,NaN,NaN,NaN,NaN,NaN,NaN,NaN,NaN,NaN,NaN,NaN,NaN,NaN,NaN,NaN,NaN,NaN,NaN,NaN,NaN,NaN,NaN,NaN,NaN,NaN,NaN,NaN,NaN,NaN,NaN,NaN,NaN,NaN,NaN,NaN,NaN,NaN,NaN,NaN,NaN,NaN,NaN,NaN,NaN,NaN,NaN,NaN,NaN,NaN,NaN,NaN,NaN,NaN,NaN,NaN,NaN
 2.5794444E+000, 2.1541353E+000, 3.5754215E+000, 5.2397326E+000, 1.4520693E+000, 2.2365172E+000, 3.0493705E+000, 7.0274468E-001, 1.3402449E+000, 2.1926552E+000,NaN,NaN,NaN,NaN,NaN,NaN,NaN,NaN,NaN,NaN,NaN,NaN,NaN,NaN,NaN,NaN,NaN,NaN,NaN,NaN,NaN,NaN,NaN,NaN,NaN,NaN,NaN,NaN,NaN,NaN,NaN,NaN,NaN,NaN,NaN,NaN,NaN,NaN,NaN,NaN,NaN,NaN,NaN,NaN,NaN,NaN,NaN,NaN,NaN,NaN,NaN,NaN,NaN,NaN,NaN,NaN,NaN,NaN,NaN,NaN,NaN,NaN,NaN,NaN,NaN,NaN,NaN,NaN,NaN,NaN,NaN,NaN,NaN,NaN,NaN,NaN,NaN,NaN,NaN,NaN,NaN,NaN
 2.6296296E+000, 2.0993467E+000, 3.4815103E+000, 5.0339127E+000, 1.4279225E+000, 2.2060538E+000, 2.9586782E+000, 6.7190215E-001, 1.2765851E+000, 2.0773334E+000,NaN,NaN,NaN,NaN,NaN,NaN,NaN,NaN,NaN,NaN,NaN,NaN,NaN,NaN,NaN,NaN,NaN,NaN,NaN,NaN,NaN,NaN,NaN,NaN,NaN,NaN,NaN,NaN,NaN,NaN,NaN,NaN,NaN,NaN,NaN,NaN,NaN,NaN,NaN,NaN,NaN,NaN,NaN,NaN,NaN,NaN,NaN,NaN,NaN,NaN,NaN,NaN,NaN,NaN,NaN,NaN,NaN,NaN,NaN,NaN,NaN,NaN,NaN,NaN,NaN,NaN,NaN,NaN,NaN,NaN,NaN,NaN,NaN,NaN,NaN,NaN,NaN,NaN,NaN,NaN,NaN,NaN
 2.6798148E+000, 2.0122804E+000, 3.3285212E+000, 4.7792092E+000, 1.3716426E+000, 2.1164624E+000, 2.8166906E+000, 6.4119030E-001, 1.2130957E+000, 1.9642797E+000,NaN,NaN,NaN,NaN,NaN,NaN,NaN,NaN,NaN,NaN,NaN,NaN,NaN,NaN,NaN,NaN,NaN,NaN,NaN,NaN,NaN,NaN,NaN,NaN,NaN,NaN,NaN,NaN,NaN,NaN,NaN,NaN,NaN,NaN,NaN,NaN,NaN,NaN,NaN,NaN,NaN,NaN,NaN,NaN,NaN,NaN,NaN,NaN,NaN,NaN,NaN,NaN,NaN,NaN,NaN,NaN,NaN,NaN,NaN,NaN,NaN,NaN,NaN,NaN,NaN,NaN,NaN,NaN,NaN,NaN,NaN,NaN,NaN,NaN,NaN,NaN,NaN,NaN,NaN,NaN,NaN,NaN
 2.7300000E+000, 1.9526751E+000, 3.1983313E+000, 4.5424596E+000, 1.3427298E+000, 2.0496016E+000, 2.6917068E+000, 6.1033020E-001, 1.1496178E+000, 1.8522106E+000,NaN,NaN,NaN,NaN,NaN,NaN,NaN,NaN,NaN,NaN,NaN,NaN,NaN,NaN,NaN,NaN,NaN,NaN,NaN,NaN,NaN,NaN,NaN,NaN,NaN,NaN,NaN,NaN,NaN,NaN,NaN,NaN,NaN,NaN,NaN,NaN,NaN,NaN,NaN,NaN,NaN,NaN,NaN,NaN,NaN,NaN,NaN,NaN,NaN,NaN,NaN,NaN,NaN,NaN,NaN,NaN,NaN,NaN,NaN,NaN,NaN,NaN,NaN,NaN,NaN,NaN,NaN,NaN,NaN,NaN,NaN,NaN,NaN,NaN,NaN,NaN,NaN,NaN,NaN,NaN,NaN,NaN
